Autauga,Alabama,35.29
Baldwin ,Alabama,37.24
Barbour ,Alabama,11.56
Bibb ,Alabama,13.88
Blount ,Alabama,34.34
Bullock ,Alabama,6.57
Butler ,Alabama,10.06
Calhoun ,Alabama,73.61
Chambers ,Alabama,21.87
Cherokee ,Alabama,16.86
Chilton ,Alabama,24.21
Choctaw ,Alabama,5.63
Clarke ,Alabama,7.77
Clay ,Alabama,8.59
Cleburne ,Alabama,10.32
Coffee ,Alabama,28.90
Colbert ,Alabama,33.84
Conecuh ,Alabama,5.84
Coosa ,Alabama,6.31
Covington ,Alabama,14.01
Crenshaw ,Alabama,8.84
Cullman ,Alabama,41.33
Dale ,Alabama,34.23
Dallas ,Alabama,16.32
DeKalb ,Alabama,35.21
Elmore ,Alabama,47.54
Escambia ,Alabama,15.39
Etowah ,Alabama,73.14
Fayette ,Alabama,10.37
Franklin ,Alabama,18.83
Geneva ,Alabama,17.82
Greene ,Alabama,5.12
Hale ,Alabama,9.06
Henry ,Alabama,11.75
Houston ,Alabama,68.82
Jackson ,Alabama,18.14
Jefferson ,Alabama,226.57
Lamar ,Alabama,9.08
Lauderdale ,Alabama,49.69
Lawrence ,Alabama,18.08
Lee ,Alabama,94.63
Limestone ,Alabama,56.50
Lowndes ,Alabama,5.70
Macon ,Alabama,12.40
Madison ,Alabama,164.80
Marengo ,Alabama,7.92
Marion ,Alabama,15.75
Marshall ,Alabama,58.71
Mobile ,Alabama,97.25
Monroe ,Alabama,8.30
Montgomery ,Alabama,109.40
Morgan ,Alabama,77.21
Perry ,Alabama,5.34
Pickens ,Alabama,8.42
Pike ,Alabama,19.13
Randolph ,Alabama,15.02
Russell ,Alabama,35.55
St. Clair ,Alabama,50.98
Shelby ,Alabama,97.38
Sumter ,Alabama,5.65
Talladega ,Alabama,41.18
Tallapoosa ,Alabama,20.76
Tuscaloosa ,Alabama,57.38
Walker ,Alabama,31.65
Washington ,Alabama,5.99
Wilcox ,Alabama,4.81
Winston ,Alabama,14.75
Aleutians East Borough,Alaska,0.08
Aleutians West Census Area,Alaska,0.15
Anchorage Municipality,Alaska,59.25
Bethel Census Area,Alaska,0.15
Bristol Bay Borough,Alaska,0.42
Denali Borough,Alaska,0.06
Dillingham Census Area,Alaska,0.09
Fairbanks North Star Borough,Alaska,5.21
Haines Borough,Alaska,0.37
Hoonah-Angoon Census Area,Alaska,0.30
Juneau City and Borough,Alaska,3.88
Kenai Peninsula Borough,Alaska,0.89
Ketchikan Gateway Borough,Alaska,0.80
Kodiak Island Borough,Alaska,0.45
Lake and Peninsula Borough,Alaska,0.02
Matanuska-Susitna Borough,Alaska,1.12
Nome Census Area,Alaska,0.14
North Slope Borough,Alaska,0.04
Northwest Arctic Borough,Alaska,0.07
Petersburg Census Area,Alaska,0.26
Prince of Wales-Hyder Census Area,Alaska,0.39
Sitka City and Borough,Alaska,0.72
Skagway Municipality,Alaska,0.83
Southeast Fairbanks Census Area,Alaska,0.11
Valdez-Cordova Census Area,Alaska,0.15
Wade Hampton Census Area,Alaska,0.16
Wrangell City and Borough,Alaska,0.27
Yakutat City and Borough,Alaska,0.03
Yukon-Koyukuk Census Area,Alaska,0.23
Apache ,Arizona,2.48
Cochise ,Arizona,8.04
Coconino ,Arizona,2.82
Gila ,Arizona,4.27
Graham ,Arizona,3.12
Greenlee ,Arizona,1.89
La Paz ,Arizona,1.74
Maricopa ,Arizona,167.82
Mohave ,Arizona,5.82
Navajo ,Arizona,4.16
Pima ,Arizona,41.87
Pinal ,Arizona,27.97
Santa Cruz ,Arizona,14.58
Yavapai ,Arizona,10.22
Yuma ,Arizona,14.08
Arkansas ,Arkansas,7.01
Ashley ,Arkansas,8.74
Baxter ,Arkansas,26.95
Benton ,Arkansas,103.65
Boone ,Arkansas,23.99
Bradley ,Arkansas,6.65
Calhoun ,Arkansas,3.20
Carroll ,Arkansas,16.81
Chicot ,Arkansas,6.34
Clark ,Arkansas,9.95
Clay ,Arkansas,9.27
Cleburne ,Arkansas,16.75
Cleveland ,Arkansas,5.54
Columbia ,Arkansas,12.17
Conway ,Arkansas,14.48
Craighead ,Arkansas,54.98
Crawford ,Arkansas,39.39
Crittenden ,Arkansas,30.18
Cross ,Arkansas,10.89
Dallas ,Arkansas,4.58
Desha ,Arkansas,5.89
Drew ,Arkansas,8.68
Faulkner ,Arkansas,69.53
Franklin ,Arkansas,11.24
Fulton ,Arkansas,7.66
Garland ,Arkansas,51.07
Grant ,Arkansas,10.99
Greene ,Arkansas,28.71
Hempstead ,Arkansas,11.71
Hot Spring ,Arkansas,20.79
Howard ,Arkansas,8.81
Independence ,Arkansas,18.51
Izard ,Arkansas,8.84
Jackson ,Arkansas,10.60
Jefferson ,Arkansas,30.93
Johnson ,Arkansas,14.62
Lafayette ,Arkansas,5.14
Lawrence ,Arkansas,11.09
Lee ,Arkansas,6.24
Lincoln ,Arkansas,9.47
Little River ,Arkansas,8.70
Logan ,Arkansas,11.65
Lonoke ,Arkansas,34.03
Madison ,Arkansas,7.24
Marion ,Arkansas,9.91
Miller ,Arkansas,26.28
Mississippi ,Arkansas,18.79
Monroe ,Arkansas,4.77
Montgomery ,Arkansas,4.45
Nevada ,Arkansas,5.47
Newton ,Arkansas,3.78
Ouachita ,Arkansas,13.05
Perry ,Arkansas,7.13
Phillips ,Arkansas,10.83
Pike ,Arkansas,7.03
Poinsett ,Arkansas,12.21
Polk ,Arkansas,9.14
Pope ,Arkansas,29.07
Prairie ,Arkansas,4.79
Pulaski ,Arkansas,187.05
Randolph ,Arkansas,10.41
St. Francis ,Arkansas,16.38
Saline ,Arkansas,60.47
Scott ,Arkansas,4.71
Searcy ,Arkansas,4.63
Sebastian ,Arkansas,90.02
Sevier ,Arkansas,11.53
Sharp ,Arkansas,10.85
Stone ,Arkansas,7.97
Union ,Arkansas,14.89
Van Buren ,Arkansas,9.03
Washington ,Arkansas,87.73
White ,Arkansas,29.08
Woodruff ,Arkansas,4.60
Yell ,Arkansas,8.91
Alameda ,California,742.23
Alpine ,California,0.60
Amador ,California,23.27
Butte ,California,51.13
Calaveras ,California,16.58
Colusa ,California,7.13
Contra Costa ,California,525.62
Del Norte ,California,8.75
El Dorado ,California,39.28
Fresno ,California,61.36
Glenn ,California,8.13
Humboldt ,California,12.81
Imperial ,California,15.21
Inyo ,California,0.70
Kern ,California,40.87
Kings ,California,41.89
Lake ,California,18.55
Lassen ,California,2.63
Los Angeles ,California,814.07
Madera ,California,27.32
Marin ,California,120.45
Mariposa ,California,4.69
Mendocino ,California,8.68
Merced ,California,51.37
Modoc ,California,0.84
Mono ,California,1.74
Monterey ,California,43.90
Napa ,California,68.71
Nevada ,California,38.94
Orange ,California,1268.33
Placer ,California,94.39
Plumas ,California,2.79
Riverside ,California,121.20
Sacramento ,California,567.93
San Benito ,California,15.99
San Bernardino ,California,40.11
San Diego ,California,273.96
San Francisco ,California,1394.36
San Joaquin ,California,190.65
San Luis Obispo ,California,29.52
San Mateo ,California,389.44
Santa Barbara ,California,44.40
Santa Clara ,California,551.30
Santa Cruz ,California,171.32
Shasta ,California,17.96
Sierra ,California,1.22
Siskiyou ,California,2.66
Solano ,California,180.99
Sonoma ,California,108.11
Stanislaus ,California,133.95
Sutter ,California,60.50
Tehama ,California,8.22
Trinity ,California,1.62
Tulare ,California,36.24
Tuolumne ,California,9.15
Ventura ,California,146.79
Yolo ,California,77.18
Yuba ,California,43.98
Adams ,Colorado,153.02
Alamosa ,Colorado,8.68
Arapahoe ,Colorado,291.01
Archuleta ,Colorado,3.47
Baca ,Colorado,0.56
Bent ,Colorado,1.43
Boulder ,Colorado,161.69
Broomfield ,Colorado,683.39
Chaffee ,Colorado,7.04
Cheyenne ,Colorado,0.41
Clear Creek ,Colorado,8.79
Conejos ,Colorado,2.48
Costilla ,Colorado,1.10
Crowley ,Colorado,2.57
Custer ,Colorado,2.24
Delta ,Colorado,10.25
Denver ,Colorado,1621.75
Dolores ,Colorado,0.73
Douglas ,Colorado,140.16
Eagle ,Colorado,11.97
Elbert ,Colorado,4.95
El Paso ,Colorado,118.76
Fremont ,Colorado,11.69
Garfield ,Colorado,7.48
Gilpin ,Colorado,14.39
Grand ,Colorado,2.95
Gunnison ,Colorado,1.84
Hinsdale ,Colorado,0.28
Huerfano ,Colorado,1.58
Jackson ,Colorado,0.33
Jefferson ,Colorado,275.25
Kiowa ,Colorado,0.31
Kit Carson ,Colorado,1.44
Lake ,Colorado,7.35
La Plata ,Colorado,12.10
Larimer ,Colorado,46.32
Las Animas ,Colorado,1.17
Lincoln ,Colorado,0.81
Logan ,Colorado,4.70
Mesa ,Colorado,17.05
Mineral ,Colorado,0.32
Moffat ,Colorado,1.06
Montezuma ,Colorado,4.85
Montrose ,Colorado,7.01
Morgan ,Colorado,8.48
Otero ,Colorado,5.69
Ouray ,Colorado,3.24
Park ,Colorado,2.82
Phillips ,Colorado,2.44
Pitkin ,Colorado,6.89
Prowers ,Colorado,2.89
Pueblo ,Colorado,26.00
Rio Blanco ,Colorado,0.82
Rio Grande ,Colorado,5.00
Routt ,Colorado,3.83
Saguache ,Colorado,0.76
San Juan ,Colorado,0.69
San Miguel ,Colorado,2.30
Sedgwick ,Colorado,1.66
Summit ,Colorado,17.86
Teller ,Colorado,16.08
Washington ,Colorado,0.73
Weld ,Colorado,25.93
Yuma ,Colorado,1.65
Fairfield ,Connecticut,433.61
Hartford ,Connecticut,462.05
Litchfield ,Connecticut,76.41
Middlesex ,Connecticut,145.59
New Haven ,Connecticut,386.20
New London ,Connecticut,137.16
Tolland ,Connecticut,140.14
Windham ,Connecticut,87.08
Kent ,Delaware,81.94
New Castle ,Delaware,429.62
Sussex ,Delaware,66.69
District of Columbia,District of Columbia,3652.26
Alachua ,Florida,101.01
Baker ,Florida,17.71
Bay ,Florida,65.39
Bradford ,Florida,34.50
Brevard ,Florida,136.59
Broward ,Florida,536.70
Calhoun ,Florida,9.87
Charlotte ,Florida,74.11
Citrus ,Florida,69.54
Clay ,Florida,117.83
Collier ,Florida,56.89
Columbia ,Florida,32.54
DeSoto ,Florida,20.84
Dixie ,Florida,7.13
Duval ,Florida,372.40
Escambia ,Florida,134.99
Flagler ,Florida,67.61
Franklin ,Florida,4.36
Gadsden ,Florida,33.75
Gilchrist ,Florida,18.40
Glades ,Florida,5.22
Gulf ,Florida,8.09
Hamilton ,Florida,10.68
Hardee ,Florida,16.64
Hendry ,Florida,12.16
Hernando ,Florida,114.35
Highlands ,Florida,34.08
Hillsborough ,Florida,393.98
Holmes ,Florida,15.57
Indian River ,Florida,88.85
Jackson ,Florida,19.79
Jefferson ,Florida,8.61
Lafayette ,Florida,6.24
Lake ,Florida,102.80
Lee ,Florida,210.53
Leon ,Florida,155.06
Levy ,Florida,10.83
Liberty ,Florida,3.82
Madison ,Florida,10.10
Manatee ,Florida,147.97
Marion ,Florida,78.34
Martin ,Florida,77.58
Miami-Dade ,Florida,1342.26
Monroe ,Florida,7.89
Nassau ,Florida,40.27
Okaloosa ,Florida,69.15
Okeechobee ,Florida,17.03
Orange ,Florida,471.54
Osceola ,Florida,76.53
Palm Beach ,Florida,222.32
Pasco ,Florida,211.40
Pinellas ,Florida,589.85
Polk ,Florida,119.64
Putnam ,Florida,33.89
St. Johns ,Florida,98.53
St. Lucie ,Florida,160.94
Santa Rosa ,Florida,52.99
Sarasota ,Florida,207.83
Seminole ,Florida,487.58
Sumter ,Florida,71.29
Suwannee ,Florida,24.39
Taylor ,Florida,7.16
Union ,Florida,23.40
Volusia ,Florida,134.99
Wakulla ,Florida,16.28
Walton ,Florida,18.63
Washington ,Florida,15.44
Appling ,Georgia,13.90
Atkinson ,Georgia,9.29
Bacon ,Georgia,15.15
Baker ,Georgia,3.69
Baldwin ,Georgia,66.47
Banks ,Georgia,30.40
Barrow ,Georgia,169.31
Bartow ,Georgia,83.18
Ben Hill ,Georgia,26.63
Berrien ,Georgia,16.06
Bibb ,Georgia,233.93
Bleckley ,Georgia,22.50
Brantley ,Georgia,15.79
Brooks ,Georgia,12.03
Bryan ,Georgia,28.17
Bulloch ,Georgia,39.93
Burke ,Georgia,10.60
Butts ,Georgia,47.97
Calhoun ,Georgia,8.88
Camden ,Georgia,25.42
Candler ,Georgia,16.97
Carroll ,Georgia,86.10
Catoosa ,Georgia,155.22
Charlton ,Georgia,6.54
Chatham ,Georgia,170.03
Chattahoochee ,Georgia,19.74
Chattooga ,Georgia,30.95
Cherokee ,Georgia,200.07
Clarke ,Georgia,386.82
Clay ,Georgia,5.41
Clayton ,Georgia,706.82
Clinch ,Georgia,3.18
Cobb ,Georgia,803.75
Coffee ,Georgia,27.69
Colquitt ,Georgia,32.10
Columbia ,Georgia,169.98
Cook ,Georgia,28.26
Coweta ,Georgia,115.34
Crawford ,Georgia,14.79
Crisp ,Georgia,32.07
Dade ,Georgia,36.59
Dawson ,Georgia,40.85
Decatur ,Georgia,16.95
DeKalb ,Georgia,1015.79
Dodge ,Georgia,16.29
Dooly ,Georgia,13.90
Dougherty ,Georgia,107.27
Douglas ,Georgia,261.93
Early ,Georgia,7.88
Echols ,Georgia,3.72
Effingham ,Georgia,43.54
Elbert ,Georgia,20.22
Emanuel ,Georgia,12.79
Evans ,Georgia,22.38
Fannin ,Georgia,23.40
Fayette ,Georgia,209.91
Floyd ,Georgia,71.36
Forsyth ,Georgia,305.24
Franklin ,Georgia,31.89
Fulton ,Georgia,711.25
Gilmer ,Georgia,25.59
Glascock ,Georgia,8.29
Glynn ,Georgia,53.77
Gordon ,Georgia,60.13
Grady ,Georgia,21.21
Greene ,Georgia,15.51
Gwinnett ,Georgia,759.60
Habersham ,Georgia,59.92
Hall ,Georgia,168.86
Hancock ,Georgia,7.16
Haralson ,Georgia,38.85
Harris ,Georgia,26.66
Hart ,Georgia,38.24
Heard ,Georgia,14.82
Henry ,Georgia,249.63
Houston ,Georgia,150.06
Irwin ,Georgia,10.03
Jackson ,Georgia,68.69
Jasper ,Georgia,14.06
Jeff Davis ,Georgia,17.27
Jefferson ,Georgia,11.90
Jenkins ,Georgia,10.15
Johnson ,Georgia,12.30
Jones ,Georgia,27.90
Lamar ,Georgia,37.31
Lanier ,Georgia,20.11
Laurens ,Georgia,22.64
Lee ,Georgia,31.03
Liberty ,Georgia,41.10
Lincoln ,Georgia,11.63
Long ,Georgia,15.89
Lowndes ,Georgia,85.39
Lumpkin ,Georgia,42.00
McDuffie ,Georgia,31.26
McIntosh ,Georgia,9.42
Macon ,Georgia,13.32
Madison ,Georgia,37.93
Marion ,Georgia,9.08
Meriwether ,Georgia,16.22
Miller ,Georgia,8.07
Mitchell ,Georgia,17.32
Monroe ,Georgia,26.19
Montgomery ,Georgia,14.23
Morgan ,Georgia,19.36
Murray ,Georgia,43.73
Muscogee ,Georgia,354.33
Newton ,Georgia,141.67
Oconee ,Georgia,70.51
Oglethorpe ,Georgia,12.71
Paulding ,Georgia,180.50
Peach ,Georgia,68.94
Pickens ,Georgia,49.08
Pierce ,Georgia,21.30
Pike ,Georgia,31.32
Polk ,Georgia,50.94
Pulaski ,Georgia,17.74
Putnam ,Georgia,22.88
Quitman ,Georgia,5.69
Rabun ,Georgia,16.63
Randolph ,Georgia,6.45
Richmond ,Georgia,237.36
Rockdale ,Georgia,254.05
Schley ,Georgia,11.71
Screven ,Georgia,8.38
Seminole ,Georgia,13.46
Spalding ,Georgia,123.48
Stephens ,Georgia,53.83
Stewart ,Georgia,4.89
Sumter ,Georgia,24.58
Talbot ,Georgia,6.31
Taliaferro ,Georgia,3.37
Tattnall ,Georgia,20.18
Taylor ,Georgia,8.61
Telfair ,Georgia,14.43
Terrell ,Georgia,10.32
Thomas ,Georgia,31.37
Tift ,Georgia,57.87
Toombs ,Georgia,28.38
Towns ,Georgia,24.18
Treutlen ,Georgia,12.80
Troup ,Georgia,59.78
Turner ,Georgia,10.83
Twiggs ,Georgia,9.03
Union ,Georgia,25.31
Upson ,Georgia,31.31
Walker ,Georgia,58.90
Walton ,Georgia,100.33
Ware ,Georgia,15.18
Warren ,Georgia,7.49
Washington ,Georgia,11.66
Wayne ,Georgia,17.90
Webster ,Georgia,4.99
Wheeler ,Georgia,10.17
White ,Georgia,44.31
Whitfield ,Georgia,136.57
Wilcox ,Georgia,9.05
Wilkes ,Georgia,8.15
Wilkinson ,Georgia,8.06
Worth ,Georgia,14.30
Hawaii ,Hawaii,14.49
Honolulu ,Hawaii,178.43
Kalawao ,Hawaii,0.66
Kauai ,Hawaii,21.19
Maui ,Hawaii,25.79
Ada ,Idaho,151.63
Adams ,Idaho,1.08
Bannock ,Idaho,28.01
Bear Lake ,Idaho,2.19
Benewah ,Idaho,4.45
Bingham ,Idaho,8.25
Blaine ,Idaho,3.10
Boise ,Idaho,1.38
Bonner ,Idaho,8.19
Bonneville ,Idaho,21.84
Boundary ,Idaho,3.28
Butte ,Idaho,0.46
Camas ,Idaho,0.37
Canyon ,Idaho,127.22
Caribou ,Idaho,1.46
Cassia ,Idaho,3.49
Clark ,Idaho,0.19
Clearwater ,Idaho,1.33
Custer ,Idaho,0.33
Elmore ,Idaho,3.26
Franklin ,Idaho,7.43
Fremont ,Idaho,2.63
Gem ,Idaho,11.39
Gooding ,Idaho,7.94
Idaho ,Idaho,0.73
Jefferson ,Idaho,9.40
Jerome ,Idaho,14.44
Kootenai ,Idaho,42.34
Latah ,Idaho,13.65
Lemhi ,Idaho,0.65
Lewis ,Idaho,3.14
Lincoln ,Idaho,1.70
Madison ,Idaho,30.55
Minidoka ,Idaho,10.27
Nez Perce ,Idaho,18.00
Oneida ,Idaho,1.37
Owyhee ,Idaho,0.58
Payette ,Idaho,21.28
Power ,Idaho,2.07
Shoshone ,Idaho,1.86
Teton ,Idaho,8.81
Twin Falls ,Idaho,16.01
Valley ,Idaho,0.99
Washington ,Idaho,2.61
Adams ,Illinois,29.75
Alexander ,Illinois,11.66
Bond ,Illinois,17.62
Boone ,Illinois,73.87
Brown ,Illinois,8.62
Bureau ,Illinois,15.05
Calhoun ,Illinois,6.89
Carroll ,Illinois,12.34
Cass ,Illinois,13.41
Champaign ,Illinois,79.24
Christian ,Illinois,18.50
Clark ,Illinois,12.38
Clay ,Illinois,11.15
Clinton ,Illinois,29.08
Coles ,Illinois,40.65
Cook ,Illinois,1237.69
Crawford ,Illinois,16.89
Cumberland ,Illinois,12.17
DeKalb ,Illinois,63.72
De Witt ,Illinois,15.65
Douglas ,Illinois,18.40
DuPage ,Illinois,1069.81
Edgar ,Illinois,11.11
Edwards ,Illinois,11.57
Effingham ,Illinois,27.60
Fayette ,Illinois,11.74
Ford ,Illinois,10.98
Franklin ,Illinois,35.08
Fulton ,Illinois,15.90
Gallatin ,Illinois,6.37
Greene ,Illinois,9.63
Grundy ,Illinois,45.05
Hamilton ,Illinois,7.41
Hancock ,Illinois,8.83
Hardin ,Illinois,8.89
Henderson ,Illinois,6.83
Henry ,Illinois,23.32
Iroquois ,Illinois,10.00
Jackson ,Illinois,38.34
Jasper ,Illinois,7.43
Jefferson ,Illinois,25.56
Jersey ,Illinois,23.18
Jo Daviess ,Illinois,13.98
Johnson ,Illinois,14.03
Kane ,Illinois,385.69
Kankakee ,Illinois,63.53
Kendall ,Illinois,142.97
Knox ,Illinois,27.93
Lake ,Illinois,198.35
LaSalle ,Illinois,37.73
Lawrence ,Illinois,17.09
Lee ,Illinois,18.46
Livingston ,Illinois,14.10
Logan ,Illinois,18.69
McDonough ,Illinois,21.24
McHenry ,Illinois,194.32
McLean ,Illinois,56.84
Macon ,Illinois,72.02
Macoupin ,Illinois,20.86
Madison ,Illinois,139.32
Marion ,Illinois,25.89
Marshall ,Illinois,11.77
Mason ,Illinois,9.76
Massac ,Illinois,24.07
Menard ,Illinois,15.43
Mercer ,Illinois,10.98
Monroe ,Illinois,32.49
Montgomery ,Illinois,16.13
Morgan ,Illinois,23.66
Moultrie ,Illinois,16.67
Ogle ,Illinois,26.51
Peoria ,Illinois,115.37
Perry ,Illinois,18.91
Piatt ,Illinois,14.44
Pike ,Illinois,7.35
Pope ,Illinois,4.45
Pulaski ,Illinois,11.22
Putnam ,Illinois,13.01
Randolph ,Illinois,21.26
Richland ,Illinois,17.26
Rock Island ,Illinois,125.99
St. Clair ,Illinois,152.92
Saline ,Illinois,24.90
Sangamon ,Illinois,87.67
Schuyler ,Illinois,6.51
Scott ,Illinois,7.98
Shelby ,Illinois,11.12
Stark ,Illinois,7.91
Stephenson ,Illinois,31.94
Tazewell ,Illinois,80.02
Union ,Illinois,16.08
Vermilion ,Illinois,34.41
Wabash ,Illinois,19.80
Warren ,Illinois,12.60
Washington ,Illinois,9.89
Wayne ,Illinois,8.96
White ,Illinois,11.19
Whiteside ,Illinois,31.91
Will ,Illinois,310.45
Williamson ,Illinois,58.15
Winnebago ,Illinois,216.13
Woodford ,Illinois,27.94
Adams ,Indiana,39.31
Allen ,Indiana,212.36
Bartholomew ,Indiana,75.04
Benton ,Indiana,8.33
Blackford ,Indiana,29.10
Boone ,Indiana,55.17
Brown ,Indiana,18.32
Carroll ,Indiana,20.68
Cass ,Indiana,35.80
Clark ,Indiana,115.83
Clay ,Indiana,28.72
Clinton ,Indiana,31.36
Crawford ,Indiana,13.28
Daviess ,Indiana,28.64
Dearborn ,Indiana,62.68
Decatur ,Indiana,27.18
DeKalb ,Indiana,44.89
Delaware ,Indiana,114.57
Dubois ,Indiana,37.57
Elkhart ,Indiana,165.48
Fayette ,Indiana,42.82
Floyd ,Indiana,197.62
Fountain ,Indiana,16.38
Franklin ,Indiana,22.66
Fulton ,Indiana,21.27
Gibson ,Indiana,26.00
Grant ,Indiana,64.33
Greene ,Indiana,23.18
Hamilton ,Indiana,284.65
Hancock ,Indiana,90.01
Harrison ,Indiana,31.08
Hendricks ,Indiana,145.34
Henry ,Indiana,47.96
Howard ,Indiana,108.72
Huntington ,Indiana,36.64
Jackson ,Indiana,32.66
Jasper ,Indiana,22.96
Jay ,Indiana,21.44
Jefferson ,Indiana,34.53
Jennings ,Indiana,28.82
Johnson ,Indiana,174.62
Knox ,Indiana,27.96
Kosciusko ,Indiana,54.30
LaGrange ,Indiana,37.94
Lake ,Indiana,302.85
LaPorte ,Indiana,70.06
Lawrence ,Indiana,39.17
Madison ,Indiana,111.24
Marion ,Indiana,889.34
Marshall ,Indiana,40.44
Martin ,Indiana,11.52
Miami ,Indiana,36.97
Monroe ,Indiana,133.19
Montgomery ,Indiana,29.16
Morgan ,Indiana,65.81
Newton ,Indiana,13.48
Noble ,Indiana,44.00
Ohio ,Indiana,26.47
Orange ,Indiana,18.70
Owen ,Indiana,21.11
Parke ,Indiana,14.76
Perry ,Indiana,19.55
Pike ,Indiana,14.36
Porter ,Indiana,123.25
Posey ,Indiana,23.47
Pulaski ,Indiana,11.56
Putnam ,Indiana,30.00
Randolph ,Indiana,21.83
Ripley ,Indiana,24.49
Rush ,Indiana,16.07
St. Joseph ,Indiana,223.19
Scott ,Indiana,48.02
Shelby ,Indiana,41.84
Spencer ,Indiana,20.14
Starke ,Indiana,28.69
Steuben ,Indiana,41.14
Sullivan ,Indiana,18.04
Switzerland ,Indiana,18.19
Tippecanoe ,Indiana,138.24
Tipton ,Indiana,23.19
Union ,Indiana,17.01
Vanderburgh ,Indiana,296.36
Vermillion ,Indiana,23.59
Vigo ,Indiana,101.87
Wabash ,Indiana,29.68
Warren ,Indiana,8.87
Warrick ,Indiana,60.28
Washington ,Indiana,20.76
Wayne ,Indiana,64.83
Wells ,Indiana,29.00
White ,Indiana,18.57
Whitley ,Indiana,38.04
Adair ,Iowa,5.06
Adams ,Iowa,3.53
Allamakee ,Iowa,8.30
Appanoose ,Iowa,9.49
Audubon ,Iowa,5.11
Benton ,Iowa,13.81
Black Hawk ,Iowa,89.36
Boone ,Iowa,17.74
Bremer ,Iowa,21.64
Buchanan ,Iowa,14.13
Buena Vista ,Iowa,13.69
Butler ,Iowa,9.97
Calhoun ,Iowa,6.70
Carroll ,Iowa,13.95
Cass ,Iowa,9.29
Cedar ,Iowa,12.20
Cerro Gordo ,Iowa,29.25
Cherokee ,Iowa,7.99
Chickasaw ,Iowa,9.41
Clarke ,Iowa,8.34
Clay ,Iowa,11.12
Clayton ,Iowa,8.66
Clinton ,Iowa,26.32
Crawford ,Iowa,9.41
Dallas ,Iowa,48.71
Davis ,Iowa,6.72
Decatur ,Iowa,5.89
Delaware ,Iowa,11.69
Des Moines ,Iowa,36.37
Dickinson ,Iowa,16.21
Dubuque ,Iowa,59.92
Emmet ,Iowa,9.59
Fayette ,Iowa,10.82
Floyd ,Iowa,12.39
Franklin ,Iowa,6.99
Fremont ,Iowa,5.29
Greene ,Iowa,6.18
Grundy ,Iowa,9.47
Guthrie ,Iowa,6.96
Hamilton ,Iowa,10.24
Hancock ,Iowa,7.47
Hardin ,Iowa,11.81
Harrison ,Iowa,7.94
Henry ,Iowa,17.88
Howard ,Iowa,7.77
Humboldt ,Iowa,8.59
Ida ,Iowa,6.38
Iowa ,Iowa,10.73
Jackson ,Iowa,11.64
Jasper ,Iowa,19.30
Jefferson ,Iowa,14.86
Johnson ,Iowa,86.22
Jones ,Iowa,13.79
Keokuk ,Iowa,6.88
Kossuth ,Iowa,6.07
Lee ,Iowa,25.57
Linn ,Iowa,115.17
Louisa ,Iowa,10.43
Lucas ,Iowa,7.77
Lyon ,Iowa,7.69
Madison ,Iowa,10.61
Mahaska ,Iowa,15.09
Marion ,Iowa,22.50
Marshall ,Iowa,27.61
Mills ,Iowa,13.05
Mitchell ,Iowa,8.81
Monona ,Iowa,5.04
Monroe ,Iowa,7.12
Montgomery ,Iowa,9.47
Muscatine ,Iowa,36.82
O'Brien ,Iowa,9.46
Osceola ,Iowa,6.00
Page ,Iowa,11.33
Palo Alto ,Iowa,6.23
Plymouth ,Iowa,11.16
Pocahontas ,Iowa,4.77
Polk ,Iowa,294.82
Pottawattamie ,Iowa,37.33
Poweshiek ,Iowa,12.25
Ringgold ,Iowa,3.63
Sac ,Iowa,6.72
Scott ,Iowa,140.51
Shelby ,Iowa,7.81
Sioux ,Iowa,17.35
Story ,Iowa,62.19
Tama ,Iowa,9.40
Taylor ,Iowa,4.45
Union ,Iowa,11.41
Van Buren ,Iowa,5.85
Wapello ,Iowa,31.34
Warren ,Iowa,31.88
Washington ,Iowa,14.89
Wayne ,Iowa,4.69
Webster ,Iowa,19.91
Winnebago ,Iowa,10.14
Winneshiek ,Iowa,11.75
Woodbury ,Iowa,44.92
Worth ,Iowa,7.24
Wright ,Iowa,8.60
Allen ,Kansas,10.03
Anderson ,Kansas,5.22
Atchison ,Kansas,14.91
Barber ,Kansas,1.68
Barton ,Kansas,11.79
Bourbon ,Kansas,8.97
Brown ,Kansas,6.75
Butler ,Kansas,17.56
Chase ,Kansas,1.34
Chautauqua ,Kansas,2.13
Cherokee ,Kansas,13.70
Cheyenne ,Kansas,1.02
Clark ,Kansas,0.87
Clay ,Kansas,4.95
Cloud ,Kansas,5.00
Coffey ,Kansas,4.97
Comanche ,Kansas,0.96
Cowley ,Kansas,12.34
Crawford ,Kansas,25.49
Decatur ,Kansas,1.27
Dickinson ,Kansas,8.89
Doniphan ,Kansas,7.61
Douglas ,Kansas,93.00
Edwards ,Kansas,1.83
Elk ,Kansas,1.58
Ellis ,Kansas,12.46
Ellsworth ,Kansas,3.42
Finney ,Kansas,11.00
Ford ,Kansas,12.23
Franklin ,Kansas,17.22
Geary ,Kansas,35.68
Gove ,Kansas,1.00
Graham ,Kansas,1.11
Grant ,Kansas,5.34
Gray ,Kansas,2.67
Greeley ,Kansas,0.64
Greenwood ,Kansas,2.15
Hamilton ,Kansas,1.01
Harper ,Kansas,2.82
Harvey ,Kansas,24.81
Haskell ,Kansas,2.77
Hodgeman ,Kansas,0.88
Jackson ,Kansas,7.84
Jefferson ,Kansas,13.05
Jewell ,Kansas,1.29
Johnson ,Kansas,456.12
Kearny ,Kansas,1.74
Kingman ,Kansas,3.49
Kiowa ,Kansas,1.35
Labette ,Kansas,12.36
Lane ,Kansas,0.93
Leavenworth ,Kansas,64.37
Lincoln ,Kansas,1.69
Linn ,Kansas,6.06
Logan ,Kansas,1.01
Lyon ,Kansas,15.13
McPherson ,Kansas,12.68
Marion ,Kansas,4.95
Marshall ,Kansas,4.27
Meade ,Kansas,1.71
Miami ,Kansas,21.48
Mitchell ,Kansas,3.42
Montgomery ,Kansas,20.32
Morris ,Kansas,3.15
Morton ,Kansas,1.66
Nemaha ,Kansas,5.45
Neosho ,Kansas,10.98
Ness ,Kansas,1.10
Norton ,Kansas,2.46
Osage ,Kansas,8.66
Osborne ,Kansas,1.65
Ottawa ,Kansas,3.23
Pawnee ,Kansas,3.57
Phillips ,Kansas,2.39
Pottawatomie ,Kansas,10.16
Pratt ,Kansas,5.18
Rawlins ,Kansas,0.93
Reno ,Kansas,19.48
Republic ,Kansas,2.58
Rice ,Kansas,5.31
Riley ,Kansas,46.80
Rooks ,Kansas,2.24
Rush ,Kansas,1.71
Russell ,Kansas,2.98
Saline ,Kansas,29.84
Scott ,Kansas,2.71
Sedgwick ,Kansas,193.38
Seward ,Kansas,14.10
Shawnee ,Kansas,124.25
Sheridan ,Kansas,1.10
Sherman ,Kansas,2.24
Smith ,Kansas,1.60
Stafford ,Kansas,2.12
Stanton ,Kansas,1.24
Stevens ,Kansas,3.09
Sumner ,Kansas,7.69
Thomas ,Kansas,2.86
Trego ,Kansas,1.28
Wabaunsee ,Kansas,3.40
Wallace ,Kansas,0.66
Washington ,Kansas,2.42
Wichita ,Kansas,1.18
Wilson ,Kansas,6.11
Woodson ,Kansas,2.46
Wyandotte ,Kansas,396.47
Adair ,Kentucky,17.54
Allen ,Kentucky,22.29
Anderson ,Kentucky,41.23
Ballard ,Kentucky,11.75
Barren ,Kentucky,33.23
Bath ,Kentucky,16.26
Bell ,Kentucky,29.81
Boone ,Kentucky,187.35
Bourbon ,Kentucky,26.48
Boyd ,Kentucky,116.50
Boyle ,Kentucky,61.33
Bracken ,Kentucky,15.55
Breathitt ,Kentucky,10.56
Breckinridge ,Kentucky,13.21
Bullitt ,Kentucky,98.83
Butler ,Kentucky,11.45
Caldwell ,Kentucky,14.22
Calloway ,Kentucky,35.40
Campbell ,Kentucky,220.37
Carlisle ,Kentucky,9.70
Carroll ,Kentucky,30.80
Carter ,Kentucky,25.48
Casey ,Kentucky,13.92
Christian ,Kentucky,39.55
Clark ,Kentucky,53.89
Clay ,Kentucky,17.51
Clinton ,Kentucky,19.07
Crittenden ,Kentucky,9.63
Cumberland ,Kentucky,8.43
Daviess ,Kentucky,79.57
Edmonson ,Kentucky,15.12
Elliott ,Kentucky,12.53
Estill ,Kentucky,21.88
Fayette ,Kentucky,417.04
Fleming ,Kentucky,15.94
Floyd ,Kentucky,37.79
Franklin ,Kentucky,90.42
Fulton ,Kentucky,10.69
Gallatin ,Kentucky,31.24
Garrard ,Kentucky,27.92
Grant ,Kentucky,36.65
Graves ,Kentucky,25.97
Grayson ,Kentucky,19.64
Green ,Kentucky,14.95
Greenup ,Kentucky,39.78
Hancock ,Kentucky,16.86
Hardin ,Kentucky,66.29
Harlan ,Kentucky,23.50
Harrison ,Kentucky,23.07
Hart ,Kentucky,17.16
Henderson ,Kentucky,38.38
Henry ,Kentucky,20.48
Hickman ,Kentucky,7.24
Hopkins ,Kentucky,32.48
Jackson ,Kentucky,14.96
Jefferson ,Kentucky,734.80
Jessamine ,Kentucky,111.01
Johnson ,Kentucky,34.28
Kenton ,Kentucky,383.27
Knott ,Kentucky,17.48
Knox ,Kentucky,31.65
Larue ,Kentucky,20.60
Laurel ,Kentucky,51.83
Lawrence ,Kentucky,14.57
Lee ,Kentucky,13.27
Leslie ,Kentucky,10.52
Letcher ,Kentucky,26.90
Lewis ,Kentucky,10.76
Lincoln ,Kentucky,27.96
Livingston ,Kentucky,10.56
Logan ,Kentucky,18.63
Lyon ,Kentucky,12.72
McCracken ,Kentucky,94.12
McCreary ,Kentucky,16.12
McLean ,Kentucky,14.31
Madison ,Kentucky,74.55
Magoffin ,Kentucky,16.17
Marion ,Kentucky,22.31
Marshall ,Kentucky,35.31
Martin ,Kentucky,21.18
Mason ,Kentucky,27.07
Meade ,Kentucky,34.76
Menifee ,Kentucky,11.79
Mercer ,Kentucky,32.54
Metcalfe ,Kentucky,13.24
Monroe ,Kentucky,12.42
Montgomery ,Kentucky,52.91
Morgan ,Kentucky,13.46
Muhlenberg ,Kentucky,25.11
Nelson ,Kentucky,40.55
Nicholas ,Kentucky,13.81
Ohio ,Kentucky,15.53
Oldham ,Kentucky,122.58
Owen ,Kentucky,11.62
Owsley ,Kentucky,9.06
Pendleton ,Kentucky,19.95
Perry ,Kentucky,31.57
Pike ,Kentucky,31.03
Powell ,Kentucky,26.78
Pulaski ,Kentucky,36.44
Robertson ,Kentucky,8.62
Rockcastle ,Kentucky,20.26
Rowan ,Kentucky,31.73
Russell ,Kentucky,24.23
Scott ,Kentucky,67.56
Shelby ,Kentucky,44.27
Simpson ,Kentucky,29.05
Spencer ,Kentucky,35.53
Taylor ,Kentucky,34.38
Todd ,Kentucky,12.80
Trigg ,Kentucky,11.47
Trimble ,Kentucky,21.79
Union ,Kentucky,15.97
Warren ,Kentucky,83.47
Washington ,Kentucky,15.22
Wayne ,Kentucky,16.49
Webster ,Kentucky,15.47
Whitley ,Kentucky,31.02
Wolfe ,Kentucky,12.56
Woodford ,Kentucky,50.82
Acadia Parish,Louisiana,36.53
Allen Parish,Louisiana,12.87
Ascension Parish,Louisiana,145.87
Assumption Parish,Louisiana,24.56
Avoyelles Parish,Louisiana,18.42
Beauregard Parish,Louisiana,11.98
Bienville Parish,Louisiana,6.57
Bossier Parish,Louisiana,55.13
Caddo Parish,Louisiana,105.05
Calcasieu Parish,Louisiana,68.91
Caldwell Parish,Louisiana,7.13
Cameron Parish,Louisiana,1.34
Catahoula Parish,Louisiana,5.35
Claiborne Parish,Louisiana,8.38
Concordia Parish,Louisiana,10.56
De Soto Parish,Louisiana,11.69
East Baton Rouge Parish,Louisiana,365.56
East Carroll Parish,Louisiana,6.57
East Feliciana Parish,Louisiana,16.71
Evangeline Parish,Louisiana,19.08
Franklin Parish,Louisiana,12.50
Grant Parish,Louisiana,12.80
Iberia Parish,Louisiana,27.68
Iberville Parish,Louisiana,19.73
Jackson Parish,Louisiana,10.72
Jefferson Parish,Louisiana,252.27
Jefferson Davis Parish,Louisiana,18.35
Lafayette Parish,Louisiana,331.08
Lafourche Parish,Louisiana,25.44
La Salle Parish,Louisiana,8.61
Lincoln Parish,Louisiana,38.75
Livingston Parish,Louisiana,73.64
Madison Parish,Louisiana,7.07
Morehouse Parish,Louisiana,12.96
Natchitoches Parish,Louisiana,11.63
Orleans Parish,Louisiana,417.53
Ouachita Parish,Louisiana,95.48
Plaquemines Parish,Louisiana,3.54
Pointe Coupee Parish,Louisiana,14.71
Rapides Parish,Louisiana,37.63
Red River Parish,Louisiana,8.54
Richland Parish,Louisiana,14.27
Sabine Parish,Louisiana,9.25
St. Bernard Parish,Louisiana,7.78
St. Charles Parish,Louisiana,49.47
St. Helena Parish,Louisiana,10.25
St. James Parish,Louisiana,32.56
St. John the Baptist Parish,Louisiana,48.60
St. Landry Parish,Louisiana,34.32
St. Martin Parish,Louisiana,25.03
St. Mary Parish,Louisiana,18.47
St. Tammany Parish,Louisiana,83.23
Tangipahoa Parish,Louisiana,58.82
Tensas Parish,Louisiana,2.96
Terrebonne Parish,Louisiana,20.91
Union Parish,Louisiana,9.53
Vermilion Parish,Louisiana,14.84
Vernon Parish,Louisiana,15.14
Washington Parish,Louisiana,26.52
Webster Parish,Louisiana,25.54
West Baton Rouge Parish,Louisiana,46.55
West Carroll Parish,Louisiana,12.28
West Feliciana Parish,Louisiana,14.00
Winn Parish,Louisiana,5.98
Androscoggin ,Maine,83.57
Aroostook ,Maine,3.96
Cumberland ,Maine,90.53
Franklin ,Maine,6.75
Hancock ,Maine,9.03
Kennebec ,Maine,49.18
Knox ,Maine,13.35
Lincoln ,Maine,18.81
Oxford ,Maine,10.16
Penobscot ,Maine,16.65
Piscataquis ,Maine,1.51
Sagadahoc ,Maine,36.53
Somerset ,Maine,4.88
Waldo ,Maine,17.63
Washington ,Maine,3.82
York ,Maine,60.64
Allegany ,Maryland,66.03
Anne Arundel ,Maryland,365.04
Baltimore ,Maryland,466.10
Calvert ,Maryland,101.24
Caroline ,Maryland,38.73
Carroll ,Maryland,142.92
Cecil ,Maryland,94.17
Charles ,Maryland,91.79
Dorchester ,Maryland,12.83
Frederick ,Maryland,139.66
Garrett ,Maryland,17.60
Harford ,Maryland,182.71
Howard ,Maryland,464.10
Kent ,Maryland,18.62
Montgomery ,Maryland,774.32
Prince George's ,Maryland,688.92
Queen Anne's ,Maryland,36.68
St. Mary's ,Maryland,55.39
Somerset ,Maryland,16.62
Talbot ,Maryland,30.72
Washington ,Maryland,123.58
Wicomico ,Maryland,97.33
Worcester ,Maryland,28.68
Baltimore city,Maryland,2609.40
Barnstable ,Massachusetts,63.58
Berkshire ,Massachusetts,52.86
Bristol ,Massachusetts,308.77
Dukes ,Massachusetts,13.57
Essex ,Massachusetts,355.38
Franklin ,Massachusetts,37.95
Hampden ,Massachusetts,284.48
Hampshire ,Massachusetts,113.02
Middlesex ,Massachusetts,707.79
Nantucket ,Massachusetts,13.22
Norfolk ,Massachusetts,597.64
Plymouth ,Massachusetts,177.26
Suffolk ,Massachusetts,2426.39
Worcester ,Massachusetts,197.82
Alcona ,Michigan,2.28
Alger ,Michigan,0.73
Allegan ,Michigan,23.70
Alpena ,Michigan,6.63
Antrim ,Michigan,14.99
Arenac ,Michigan,8.78
Baraga ,Michigan,3.14
Barry ,Michigan,39.54
Bay ,Michigan,65.40
Benzie ,Michigan,7.83
Berrien ,Michigan,37.90
Branch ,Michigan,32.43
Calhoun ,Michigan,72.57
Cass ,Michigan,39.43
Charlevoix ,Michigan,7.26
Cheboygan ,Michigan,11.22
Chippewa ,Michigan,5.54
Clare ,Michigan,20.51
Clinton ,Michigan,51.57
Crawford ,Michigan,9.53
Delta ,Michigan,7.16
Dickinson ,Michigan,12.97
Eaton ,Michigan,72.20
Emmet ,Michigan,14.51
Genesee ,Michigan,246.89
Gladwin ,Michigan,19.08
Gogebic ,Michigan,4.16
Grand Traverse ,Michigan,57.78
Gratiot ,Michigan,28.35
Hillsdale ,Michigan,29.32
Houghton ,Michigan,9.32
Huron ,Michigan,5.82
Ingham ,Michigan,194.34
Ionia ,Michigan,42.65
Iosco ,Michigan,5.19
Iron ,Michigan,3.67
Isabella ,Michigan,47.08
Jackson ,Michigan,85.58
Kalamazoo ,Michigan,170.81
Kalkaska ,Michigan,11.63
Kent ,Michigan,275.29
Keweenaw ,Michigan,0.14
Lake ,Michigan,7.66
Lapeer ,Michigan,51.49
Leelanau ,Michigan,3.32
Lenawee ,Michigan,50.30
Livingston ,Michigan,121.65
Luce ,Michigan,1.31
Mackinac ,Michigan,2.03
Macomb ,Michigan,578.13
Manistee ,Michigan,7.37
Marquette ,Michigan,7.63
Mason ,Michigan,8.89
Mecosta ,Michigan,29.14
Menominee ,Michigan,6.86
Midland ,Michigan,61.36
Missaukee ,Michigan,10.13
Monroe ,Michigan,85.38
Montcalm ,Michigan,33.80
Montmorency ,Michigan,6.42
Muskegon ,Michigan,45.22
Newaygo ,Michigan,21.51
Oakland ,Michigan,524.13
Oceana ,Michigan,7.76
Ogemaw ,Michigan,14.26
Ontonagon ,Michigan,0.65
Osceola ,Michigan,15.67
Oscoda ,Michigan,5.66
Otsego ,Michigan,17.71
Ottawa ,Michigan,64.54
Presque Isle ,Michigan,1.96
Roscommon ,Michigan,15.99
Saginaw ,Michigan,93.00
St. Clair ,Michigan,74.07
St. Joseph ,Michigan,45.18
Sanilac ,Michigan,10.16
Schoolcraft ,Michigan,1.69
Shiawassee ,Michigan,49.18
Tuscola ,Michigan,22.92
Van Buren ,Michigan,26.73
Washtenaw ,Michigan,189.33
Wayne ,Michigan,1018.96
Wexford ,Michigan,21.90
Aitkin ,Minnesota,3.05
Anoka ,Minnesota,293.86
Becker ,Minnesota,8.88
Beltrami ,Minnesota,5.77
Benton ,Minnesota,36.65
Big Stone ,Minnesota,3.74
Blue Earth ,Minnesota,33.05
Brown ,Minnesota,15.81
Carlton ,Minnesota,15.64
Carver ,Minnesota,98.10
Cass ,Minnesota,4.57
Chippewa ,Minnesota,7.94
Chisago ,Minnesota,46.92
Clay ,Minnesota,22.25
Clearwater ,Minnesota,3.31
Cook ,Minnesota,0.60
Cottonwood ,Minnesota,6.92
Crow Wing ,Minnesota,21.10
Dakota ,Minnesota,268.76
Dodge ,Minnesota,17.87
Douglas ,Minnesota,19.60
Faribault ,Minnesota,7.59
Fillmore ,Minnesota,9.33
Freeborn ,Minnesota,16.54
Goodhue ,Minnesota,22.99
Grant ,Minnesota,4.02
Hennepin ,Minnesota,763.09
Houston ,Minnesota,12.76
Hubbard ,Minnesota,7.98
Isanti ,Minnesota,32.66
Itasca ,Minnesota,6.01
Jackson ,Minnesota,5.51
Kanabec ,Minnesota,11.57
Kandiyohi ,Minnesota,18.99
Kittson ,Minnesota,1.58
Koochiching ,Minnesota,1.62
Lac qui Parle ,Minnesota,3.49
Lake ,Minnesota,1.39
Lake of the Woods ,Minnesota,0.85
Le Sueur ,Minnesota,22.66
Lincoln ,Minnesota,4.10
Lyon ,Minnesota,13.64
McLeod ,Minnesota,27.43
Mahnomen ,Minnesota,3.66
Marshall ,Minnesota,2.01
Martin ,Minnesota,10.81
Meeker ,Minnesota,13.84
Mille Lacs ,Minnesota,14.63
Morrison ,Minnesota,11.00
Mower ,Minnesota,21.34
Murray ,Minnesota,4.58
Nicollet ,Minnesota,27.33
Nobles ,Minnesota,11.55
Norman ,Minnesota,2.92
Olmsted ,Minnesota,87.99
Otter Tail ,Minnesota,9.99
Pennington ,Minnesota,8.82
Pine ,Minnesota,7.83
Pipestone ,Minnesota,7.68
Polk ,Minnesota,6.10
Pope ,Minnesota,5.89
Ramsey ,Minnesota,1195.70
Red Lake ,Minnesota,3.62
Redwood ,Minnesota,6.89
Renville ,Minnesota,5.93
Rice ,Minnesota,48.68
Rock ,Minnesota,7.61
Roseau ,Minnesota,3.57
St. Louis ,Minnesota,11.29
Scott ,Minnesota,143.83
Sherburne ,Minnesota,77.18
Sibley ,Minnesota,9.69
Stearns ,Minnesota,42.25
Steele ,Minnesota,32.57
Stevens ,Minnesota,6.53
Swift ,Minnesota,4.90
Todd ,Minnesota,9.61
Traverse ,Minnesota,2.27
Wabasha ,Minnesota,15.06
Wadena ,Minnesota,9.81
Waseca ,Minnesota,17.03
Washington ,Minnesota,225.23
Watonwan ,Minnesota,9.78
Wilkin ,Minnesota,3.37
Winona ,Minnesota,30.83
Wright ,Minnesota,69.45
Yellow Medicine ,Minnesota,5.13
Adams ,Mississippi,25.41
Alcorn ,Mississippi,35.90
Amite ,Mississippi,6.81
Attala ,Mississippi,10.12
Benton ,Mississippi,8.10
Bolivar ,Mississippi,14.51
Calhoun ,Mississippi,9.68
Carroll ,Mississippi,6.32
Chickasaw ,Mississippi,13.25
Choctaw ,Mississippi,7.70
Claiborne ,Mississippi,7.13
Clarke ,Mississippi,9.14
Clay ,Mississippi,18.94
Coahoma ,Mississippi,16.67
Copiah ,Mississippi,14.33
Covington ,Mississippi,18.07
DeSoto ,Mississippi,130.70
Forrest ,Mississippi,63.27
Franklin ,Mississippi,5.40
George ,Mississippi,18.49
Greene ,Mississippi,7.65
Grenada ,Mississippi,18.57
Hancock ,Mississippi,31.84
Harrison ,Mississippi,77.72
Hinds ,Mississippi,107.78
Holmes ,Mississippi,9.31
Humphreys ,Mississippi,7.99
Issaquena ,Mississippi,1.22
Itawamba ,Mississippi,16.74
Jackson ,Mississippi,51.97
Jasper ,Mississippi,9.39
Jefferson ,Mississippi,5.59
Jefferson Davis ,Mississippi,11.28
Jones ,Mississippi,38.05
Kemper ,Mississippi,5.18
Lafayette ,Mississippi,29.17
Lamar ,Mississippi,45.37
Lauderdale ,Mississippi,43.33
Lawrence ,Mississippi,11.09
Leake ,Mississippi,15.42
Lee ,Mississippi,72.71
Leflore ,Mississippi,20.13
Lincoln ,Mississippi,22.85
Lowndes ,Mississippi,44.80
Madison ,Mississippi,52.27
Marion ,Mississippi,18.42
Marshall ,Mississippi,19.86
Monroe ,Mississippi,18.06
Montgomery ,Mississippi,9.99
Neshoba ,Mississippi,19.93
Newton ,Mississippi,14.45
Noxubee ,Mississippi,6.12
Oktibbeha ,Mississippi,40.99
Panola ,Mississippi,18.84
Pearl River ,Mississippi,25.97
Perry ,Mississippi,7.20
Pike ,Mississippi,37.62
Pontotoc ,Mississippi,23.81
Prentiss ,Mississippi,23.44
Quitman ,Mississippi,7.41
Rankin ,Mississippi,70.30
Scott ,Mississippi,17.88
Sharkey ,Mississippi,4.18
Simpson ,Mississippi,17.98
Smith ,Mississippi,9.83
Stone ,Mississippi,15.52
Sunflower ,Mississippi,15.29
Tallahatchie ,Mississippi,8.93
Tate ,Mississippi,26.66
Tippah ,Mississippi,18.54
Tishomingo ,Mississippi,16.96
Tunica ,Mississippi,8.48
Union ,Mississippi,25.70
Walthall ,Mississippi,14.26
Warren ,Mississippi,30.10
Washington ,Mississippi,25.20
Wayne ,Mississippi,9.75
Webster ,Mississippi,9.11
Wilkinson ,Mississippi,5.27
Winston ,Mississippi,11.89
Yalobusha ,Mississippi,9.65
Yazoo ,Mississippi,11.52
Adair ,Missouri,17.34
Andrew ,Missouri,15.43
Atchison ,Missouri,3.82
Audrain ,Missouri,14.22
Barry ,Missouri,17.36
Barton ,Missouri,7.94
Bates ,Missouri,7.51
Benton ,Missouri,9.71
Bollinger ,Missouri,7.76
Boone ,Missouri,95.42
Buchanan ,Missouri,83.46
Butler ,Missouri,23.80
Caldwell ,Missouri,8.18
Callaway ,Missouri,20.21
Camden ,Missouri,23.90
Cape Girardeau ,Missouri,50.92
Carroll ,Missouri,5.02
Carter ,Missouri,4.77
Cass ,Missouri,55.31
Cedar ,Missouri,10.77
Chariton ,Missouri,3.84
Christian ,Missouri,55.40
Clark ,Missouri,5.21
Clay ,Missouri,217.75
Clinton ,Missouri,18.76
Cole ,Missouri,73.68
Cooper ,Missouri,11.97
Crawford ,Missouri,12.74
Dade ,Missouri,5.78
Dallas ,Missouri,11.76
Daviess ,Missouri,5.63
DeKalb ,Missouri,11.64
Dent ,Missouri,8.05
Douglas ,Missouri,6.41
Dunklin ,Missouri,22.38
Franklin ,Missouri,42.24
Gasconade ,Missouri,10.97
Gentry ,Missouri,5.32
Greene ,Missouri,161.68
Grundy ,Missouri,9.13
Harrison ,Missouri,4.65
Henry ,Missouri,11.63
Hickory ,Missouri,8.73
Holt ,Missouri,3.75
Howard ,Missouri,8.40
Howell ,Missouri,16.80
Iron ,Missouri,7.23
Jackson ,Missouri,426.04
Jasper ,Missouri,70.08
Jefferson ,Missouri,128.68
Johnson ,Missouri,25.29
Knox ,Missouri,3.10
Laclede ,Missouri,17.93
Lafayette ,Missouri,19.91
Lawrence ,Missouri,24.04
Lewis ,Missouri,7.67
Lincoln ,Missouri,32.47
Linn ,Missouri,7.69
Livingston ,Missouri,10.66
McDonald ,Missouri,16.14
Macon ,Missouri,7.39
Madison ,Missouri,9.65
Maries ,Missouri,6.57
Marion ,Missouri,25.12
Mercer ,Missouri,3.13
Miller ,Missouri,16.15
Mississippi ,Missouri,12.86
Moniteau ,Missouri,14.52
Monroe ,Missouri,5.05
Montgomery ,Missouri,8.52
Morgan ,Missouri,12.74
New Madrid ,Missouri,10.18
Newton ,Missouri,36.26
Nodaway ,Missouri,10.23
Oregon ,Missouri,5.36
Osage ,Missouri,8.66
Ozark ,Missouri,4.89
Pemiscot ,Missouri,13.40
Perry ,Missouri,15.21
Pettis ,Missouri,23.74
Phelps ,Missouri,25.66
Pike ,Missouri,10.53
Platte ,Missouri,84.41
Polk ,Missouri,18.62
Pulaski ,Missouri,37.63
Putnam ,Missouri,3.62
Ralls ,Missouri,8.13
Randolph ,Missouri,19.74
Ray ,Missouri,15.50
Reynolds ,Missouri,3.13
Ripley ,Missouri,8.58
St. Charles ,Missouri,243.34
St. Clair ,Missouri,5.22
Ste. Genevieve ,Missouri,13.54
St. Francois ,Missouri,56.23
St. Louis ,Missouri,739.28
Saline ,Missouri,11.71
Schuyler ,Missouri,5.46
Scotland ,Missouri,4.33
Scott ,Missouri,35.62
Shannon ,Missouri,3.19
Shelby ,Missouri,4.75
Stoddard ,Missouri,13.87
Stone ,Missouri,23.66
Sullivan ,Missouri,3.82
Taney ,Missouri,31.74
Texas ,Missouri,8.39
Vernon ,Missouri,9.67
Warren ,Missouri,29.10
Washington ,Missouri,12.75
Wayne ,Missouri,6.69
Webster ,Missouri,23.71
Worth ,Missouri,3.02
Wright ,Missouri,10.44
St. Louis city,Missouri,1861.90
Beaverhead ,Montana,0.65
Big Horn ,Montana,1.00
Blaine ,Montana,0.60
Broadwater ,Montana,1.77
Carbon ,Montana,1.94
Carter ,Montana,0.14
Cascade ,Montana,11.73
Chouteau ,Montana,0.57
Custer ,Montana,1.22
Daniels ,Montana,0.48
Dawson ,Montana,1.53
Deer Lodge ,Montana,4.86
Fallon ,Montana,0.73
Fergus ,Montana,1.02
Flathead ,Montana,6.84
Gallatin ,Montana,13.89
Garfield ,Montana,0.10
Glacier ,Montana,1.75
Golden Valley ,Montana,0.28
Granite ,Montana,0.70
Hill ,Montana,2.19
Jefferson ,Montana,2.68
Judith Basin ,Montana,0.42
Lake ,Montana,6.77
Lewis and Clark ,Montana,7.21
Liberty ,Montana,0.63
Lincoln ,Montana,2.04
McCone ,Montana,0.25
Madison ,Montana,0.83
Meagher ,Montana,0.31
Mineral ,Montana,1.35
Missoula ,Montana,16.49
Musselshell ,Montana,0.96
Park ,Montana,2.15
Petroleum ,Montana,0.12
Phillips ,Montana,0.31
Pondera ,Montana,1.46
Powder River ,Montana,0.20
Powell ,Montana,1.16
Prairie ,Montana,0.26
Ravalli ,Montana,6.57
Richland ,Montana,2.06
Roosevelt ,Montana,1.81
Rosebud ,Montana,0.72
Sanders ,Montana,1.57
Sheridan ,Montana,0.83
Silver Bow ,Montana,18.54
Stillwater ,Montana,1.99
Sweet Grass ,Montana,0.76
Teton ,Montana,1.02
Toole ,Montana,1.02
Treasure ,Montana,0.27
Valley ,Montana,0.58
Wheatland ,Montana,0.58
Wibaux ,Montana,0.49
Yellowstone ,Montana,22.47
Adams ,Nebraska,21.63
Antelope ,Nebraska,2.90
Arthur ,Nebraska,0.25
Banner ,Nebraska,0.39
Blaine ,Nebraska,0.26
Boone ,Nebraska,3.03
Box Butte ,Nebraska,4.05
Boyd ,Nebraska,1.44
Brown ,Nebraska,0.92
Buffalo ,Nebraska,18.96
Burt ,Nebraska,5.11
Butler ,Nebraska,5.43
Cass ,Nebraska,17.30
Cedar ,Nebraska,4.51
Chase ,Nebraska,1.72
Cherry ,Nebraska,0.37
Cheyenne ,Nebraska,3.26
Clay ,Nebraska,4.30
Colfax ,Nebraska,9.66
Cuming ,Nebraska,6.04
Custer ,Nebraska,1.62
Dakota ,Nebraska,30.24
Dawes ,Nebraska,2.50
Dawson ,Nebraska,9.17
Deuel ,Nebraska,1.70
Dixon ,Nebraska,4.68
Dodge ,Nebraska,25.96
Douglas ,Nebraska,611.27
Dundy ,Nebraska,0.83
Fillmore ,Nebraska,3.82
Franklin ,Nebraska,2.07
Frontier ,Nebraska,1.07
Furnas ,Nebraska,2.61
Gage ,Nebraska,9.82
Garden ,Nebraska,0.42
Garfield ,Nebraska,1.38
Gosper ,Nebraska,1.65
Grant ,Nebraska,0.31
Greeley ,Nebraska,1.69
Hall ,Nebraska,42.46
Hamilton ,Nebraska,6.43
Harlan ,Nebraska,2.36
Hayes ,Nebraska,0.53
Hitchcock ,Nebraska,1.54
Holt ,Nebraska,1.67
Hooker ,Nebraska,0.39
Howard ,Nebraska,4.26
Jefferson ,Nebraska,5.07
Johnson ,Nebraska,5.27
Kearney ,Nebraska,4.90
Keith ,Nebraska,2.83
Keya Paha ,Nebraska,0.39
Kimball ,Nebraska,1.50
Knox ,Nebraska,2.90
Lancaster ,Nebraska,135.50
Lincoln ,Nebraska,5.41
Logan ,Nebraska,0.52
Loup ,Nebraska,0.39
McPherson ,Nebraska,0.24
Madison ,Nebraska,23.67
Merrick ,Nebraska,6.09
Morrill ,Nebraska,1.33
Nance ,Nebraska,3.12
Nemaha ,Nebraska,6.75
Nuckolls ,Nebraska,2.96
Otoe ,Nebraska,9.83
Pawnee ,Nebraska,2.42
Perkins ,Nebraska,1.28
Phelps ,Nebraska,6.58
Pierce ,Nebraska,4.80
Platte ,Nebraska,18.33
Polk ,Nebraska,4.62
Red Willow ,Nebraska,5.92
Richardson ,Nebraska,5.66
Rock ,Nebraska,0.54
Saline ,Nebraska,9.66
Sarpy ,Nebraska,264.14
Saunders ,Nebraska,10.64
Scotts Bluff ,Nebraska,19.09
Seward ,Nebraska,11.46
Sheridan ,Nebraska,0.82
Sherman ,Nebraska,2.10
Sioux ,Nebraska,0.25
Stanton ,Nebraska,5.49
Thayer ,Nebraska,3.48
Thomas ,Nebraska,0.38
Thurston ,Nebraska,6.72
Valley ,Nebraska,2.84
Washington ,Nebraska,19.86
Wayne ,Nebraska,8.20
Webster ,Nebraska,2.48
Wheeler ,Nebraska,0.51
York ,Nebraska,9.31
Churchill ,Nevada,1.85
Clark ,Nevada,97.13
Douglas ,Nevada,24.66
Elko ,Nevada,1.18
Esmeralda ,Nevada,0.09
Eureka ,Nevada,0.19
Humboldt ,Nevada,0.69
Lander ,Nevada,0.42
Lincoln ,Nevada,0.19
Lyon ,Nevada,9.83
Mineral ,Nevada,0.47
Nye ,Nevada,0.90
Pershing ,Nevada,0.44
Storey ,Nevada,5.77
Washoe ,Nevada,25.60
White Pine ,Nevada,0.44
Carson City,Nevada,132.79
Belknap ,New Hampshire,49.59
Carroll ,New Hampshire,18.48
Cheshire ,New Hampshire,40.57
Coos ,New Hampshire,6.75
Grafton ,New Hampshire,19.78
Hillsborough ,New Hampshire,174.82
Merrimack ,New Hampshire,59.28
Rockingham ,New Hampshire,145.26
Strafford ,New Hampshire,125.27
Sullivan ,New Hampshire,30.07
Atlantic ,New Jersey,158.54
Bergen ,New Jersey,1448.38
Burlington ,New Jersey,212.32
Camden ,New Jersey,871.19
Cape May ,New Jersey,59.68
Cumberland ,New Jersey,89.65
Essex ,New Jersey,2351.71
Gloucester ,New Jersey,332.38
Hudson ,New Jersey,4091.42
Hunterdon ,New Jersey,111.43
Mercer ,New Jersey,624.83
Middlesex ,New Jersey,991.38
Monmouth ,New Jersey,365.41
Morris ,New Jersey,400.35
Ocean ,New Jersey,246.08
Passaic ,New Jersey,990.52
Salem ,New Jersey,67.58
Somerset ,New Jersey,418.68
Sussex ,New Jersey,105.21
Union ,New Jersey,2008.37
Warren ,New Jersey,114.26
Bernalillo ,New Mexico,223.03
Catron ,New Mexico,0.20
Chaves ,New Mexico,4.18
Cibola ,New Mexico,2.32
Colfax ,New Mexico,1.34
Curry ,New Mexico,13.88
De Baca ,New Mexico,0.32
Doña Ana ,New Mexico,21.61
Eddy ,New Mexico,5.10
Grant ,New Mexico,2.85
Guadalupe ,New Mexico,0.58
Harding ,New Mexico,0.13
Hidalgo ,New Mexico,0.52
Lea ,New Mexico,5.98
Lincoln ,New Mexico,1.61
Los Alamos ,New Mexico,62.89
Luna ,New Mexico,3.21
McKinley ,New Mexico,5.19
Mora ,New Mexico,0.94
Otero ,New Mexico,3.82
Quay ,New Mexico,1.16
Rio Arriba ,New Mexico,2.62
Roosevelt ,New Mexico,3.14
Sandoval ,New Mexico,14.19
San Juan ,New Mexico,8.82
San Miguel ,New Mexico,2.33
Santa Fe ,New Mexico,29.79
Sierra ,New Mexico,1.05
Socorro ,New Mexico,1.02
Taos ,New Mexico,5.79
Torrance ,New Mexico,1.81
Union ,New Mexico,0.44
Valencia ,New Mexico,27.57
Albany ,New York,222.22
Allegany ,New York,17.96
Bronx ,New York,9529.84
Broome ,New York,106.59
Cattaraugus ,New York,23.03
Cayuga ,New York,35.53
Chautauqua ,New York,34.25
Chemung ,New York,83.19
Chenango ,New York,21.27
Clinton ,New York,28.19
Columbia ,New York,37.07
Cortland ,New York,37.70
Delaware ,New York,12.29
Dutchess ,New York,138.90
Erie ,New York,289.49
Essex ,New York,7.81
Franklin ,New York,11.76
Fulton ,New York,39.55
Genesee ,New York,46.35
Greene ,New York,28.43
Hamilton ,New York,1.02
Herkimer ,New York,17.00
Jefferson ,New York,24.84
Kings ,New York,10326.39
Lewis ,New York,8.13
Livingston ,New York,39.02
Madison ,New York,42.26
Monroe ,New York,211.76
Montgomery ,New York,46.95
Nassau ,New York,1151.88
New York ,New York,18691.96
Niagara ,New York,72.58
Oneida ,New York,71.71
Onondaga ,New York,224.48
Ontario ,New York,63.58
Orange ,New York,172.92
Orleans ,New York,19.95
Oswego ,New York,35.65
Otsego ,New York,23.45
Putnam ,New York,156.24
Queens ,New York,4974.79
Rensselaer ,New York,92.79
Richmond ,New York,1783.95
Rockland ,New York,621.56
St. Lawrence ,New York,15.32
Saratoga ,New York,102.43
Schenectady ,New York,286.42
Schoharie ,New York,19.63
Schuyler ,New York,20.82
Seneca ,New York,35.02
Steuben ,New York,27.13
Suffolk ,New York,244.00
Sullivan ,New York,29.70
Tioga ,New York,37.10
Tompkins ,New York,81.39
Ulster ,New York,60.21
Warren ,New York,27.08
Washington ,New York,28.80
Wayne ,New York,25.82
Westchester ,New York,748.11
Wyoming ,New York,26.89
Yates ,New York,25.85
Alamance ,North Carolina,137.11
Alexander ,North Carolina,54.08
Alleghany ,North Carolina,17.85
Anson ,North Carolina,18.81
Ashe ,North Carolina,24.42
Avery ,North Carolina,27.66
Beaufort ,North Carolina,19.12
Bertie ,North Carolina,10.60
Bladen ,North Carolina,15.16
Brunswick ,North Carolina,42.41
Buncombe ,North Carolina,145.00
Burke ,North Carolina,67.35
Cabarrus ,North Carolina,198.34
Caldwell ,North Carolina,66.74
Camden ,North Carolina,12.68
Carteret ,North Carolina,19.71
Caswell ,North Carolina,20.91
Catawba ,North Carolina,144.58
Chatham ,North Carolina,36.34
Cherokee ,North Carolina,22.52
Chowan ,North Carolina,24.37
Clay ,North Carolina,18.52
Cleveland ,North Carolina,80.02
Columbus ,North Carolina,23.18
Craven ,North Carolina,52.11
Cumberland ,North Carolina,191.11
Currituck ,North Carolina,17.89
Dare ,North Carolina,8.65
Davidson ,North Carolina,111.28
Davie ,North Carolina,60.07
Duplin ,North Carolina,28.23
Durham ,North Carolina,373.48
Edgecombe ,North Carolina,42.35
Forsyth ,North Carolina,337.94
Franklin ,North Carolina,48.61
Gaston ,North Carolina,222.07
Gates ,North Carolina,13.01
Graham ,North Carolina,11.18
Granville ,North Carolina,41.94
Greene ,North Carolina,30.77
Guilford ,North Carolina,297.44
Halifax ,North Carolina,28.23
Harnett ,North Carolina,80.26
Haywood ,North Carolina,41.20
Henderson ,North Carolina,112.71
Hertford ,North Carolina,26.18
Hoke ,North Carolina,50.51
Hyde ,North Carolina,1.55
Iredell ,North Carolina,106.42
Jackson ,North Carolina,31.95
Johnston ,North Carolina,86.38
Jones ,North Carolina,8.33
Lee ,North Carolina,89.83
Lenoir ,North Carolina,56.47
Lincoln ,North Carolina,100.27
McDowell ,North Carolina,38.92
Macon ,North Carolina,25.15
Madison ,North Carolina,17.98
Martin ,North Carolina,19.83
Mecklenburg ,North Carolina,700.88
Mitchell ,North Carolina,26.65
Montgomery ,North Carolina,21.21
Moore ,North Carolina,50.10
Nash ,North Carolina,67.64
New Hanover ,North Carolina,250.89
Northampton ,North Carolina,14.61
Onslow ,North Carolina,78.94
Orange ,North Carolina,134.99
Pamlico ,North Carolina,8.82
Pasquotank ,North Carolina,53.33
Pender ,North Carolina,22.90
Perquimans ,North Carolina,15.96
Person ,North Carolina,37.53
Pitt ,North Carolina,102.75
Polk ,North Carolina,33.04
Randolph ,North Carolina,69.74
Richmond ,North Carolina,37.33
Robeson ,North Carolina,54.75
Rockingham ,North Carolina,61.94
Rowan ,North Carolina,101.98
Rutherford ,North Carolina,45.69
Sampson ,North Carolina,26.17
Scotland ,North Carolina,43.42
Stanly ,North Carolina,57.83
Stokes ,North Carolina,39.48
Surry ,North Carolina,52.59
Swain ,North Carolina,10.04
Transylvania ,North Carolina,33.39
Tyrrell ,North Carolina,2.67
Union ,North Carolina,128.45
Vance ,North Carolina,64.12
Wake ,North Carolina,438.78
Warren ,North Carolina,17.90
Washington ,North Carolina,11.59
Watauga ,North Carolina,64.51
Wayne ,North Carolina,86.38
Wilkes ,North Carolina,35.21
Wilson ,North Carolina,84.37
Yadkin ,North Carolina,43.51
Yancey ,North Carolina,21.66
Adams ,North Dakota,0.92
Barnes ,North Dakota,2.85
Benson ,North Dakota,1.84
Billings ,North Dakota,0.29
Bottineau ,North Dakota,1.53
Bowman ,North Dakota,1.06
Burke ,North Dakota,0.79
Burleigh ,North Dakota,20.47
Cass ,North Dakota,35.56
Cavalier ,North Dakota,1.00
Dickey ,North Dakota,1.77
Divide ,North Dakota,0.69
Dunn ,North Dakota,0.77
Eddy ,North Dakota,1.44
Emmons ,North Dakota,0.87
Foster ,North Dakota,2.01
Golden Valley ,North Dakota,0.70
Grand Forks ,North Dakota,18.56
Grant ,North Dakota,0.55
Griggs ,North Dakota,1.24
Hettinger ,North Dakota,0.91
Kidder ,North Dakota,0.65
LaMoure ,North Dakota,1.40
Logan ,North Dakota,0.74
McHenry ,North Dakota,1.20
McIntosh ,North Dakota,1.07
McKenzie ,North Dakota,1.26
McLean ,North Dakota,1.58
Mercer ,North Dakota,2.98
Morton ,North Dakota,5.75
Mountrail ,North Dakota,1.86
Nelson ,North Dakota,1.18
Oliver ,North Dakota,0.99
Pembina ,North Dakota,2.47
Pierce ,North Dakota,1.59
Ramsey ,North Dakota,3.43
Ransom ,North Dakota,2.47
Renville ,North Dakota,1.13
Richland ,North Dakota,4.36
Rolette ,North Dakota,5.99
Sargent ,North Dakota,1.73
Sheridan ,North Dakota,0.50
Sioux ,North Dakota,1.52
Slope ,North Dakota,0.24
Stark ,North Dakota,8.13
Steele ,North Dakota,1.06
Stutsman ,North Dakota,3.55
Towner ,North Dakota,0.86
Traill ,North Dakota,3.69
Walsh ,North Dakota,3.31
Ward ,North Dakota,12.77
Wells ,North Dakota,1.26
Williams ,North Dakota,5.32
Adams ,Ohio,18.51
Allen ,Ohio,99.93
Ashland ,Ohio,47.99
Ashtabula ,Ohio,28.17
Athens ,Ohio,49.12
Auglaize ,Ohio,44.11
Belmont ,Ohio,49.63
Brown ,Ohio,34.63
Butler ,Ohio,304.91
Carroll ,Ohio,27.37
Champaign ,Ohio,35.44
Clark ,Ohio,130.61
Clermont ,Ohio,168.14
Clinton ,Ohio,39.28
Columbiana ,Ohio,76.47
Coshocton ,Ohio,25.01
Crawford ,Ohio,41.04
Cuyahoga ,Ohio,391.55
Darke ,Ohio,33.72
Defiance ,Ohio,35.92
Delaware ,Ohio,156.17
Erie ,Ohio,46.91
Fairfield ,Ohio,113.02
Fayette ,Ohio,27.32
Franklin ,Ohio,861.17
Fulton ,Ohio,40.28
Gallia ,Ohio,25.09
Geauga ,Ohio,88.87
Greene ,Ohio,151.38
Guernsey ,Ohio,28.97
Hamilton ,Ohio,752.80
Hancock ,Ohio,54.82
Hardin ,Ohio,25.96
Harrison ,Ohio,14.68
Henry ,Ohio,25.84
Highland ,Ohio,29.97
Hocking ,Ohio,26.13
Holmes ,Ohio,39.70
Huron ,Ohio,45.95
Jackson ,Ohio,30.03
Jefferson ,Ohio,63.85
Knox ,Ohio,44.33
Lake ,Ohio,90.63
Lawrence ,Ohio,52.28
Licking ,Ohio,94.56
Logan ,Ohio,37.62
Lorain ,Ohio,126.63
Lucas ,Ohio,282.76
Madison ,Ohio,35.81
Mahoning ,Ohio,212.32
Marion ,Ohio,62.97
Medina ,Ohio,159.65
Meigs ,Ohio,20.95
Mercer ,Ohio,33.26
Miami ,Ohio,97.49
Monroe ,Ohio,12.31
Montgomery ,Ohio,445.57
Morgan ,Ohio,13.64
Morrow ,Ohio,33.22
Muskingum ,Ohio,48.93
Noble ,Ohio,13.96
Ottawa ,Ohio,27.16
Paulding ,Ohio,17.75
Perry ,Ohio,33.69
Pickaway ,Ohio,42.92
Pike ,Ohio,24.67
Portage ,Ohio,125.52
Preble ,Ohio,37.78
Putnam ,Ohio,27.18
Richland ,Ohio,94.02
Ross ,Ohio,43.41
Sandusky ,Ohio,55.55
Scioto ,Ohio,48.97
Seneca ,Ohio,39.05
Shelby ,Ohio,46.25
Stark ,Ohio,249.69
Summit ,Ohio,498.02
Trumbull ,Ohio,125.21
Tuscarawas ,Ohio,62.61
Union ,Ohio,47.11
Van Wert ,Ohio,26.77
Vinton ,Ohio,12.35
Warren ,Ohio,207.76
Washington ,Ohio,36.99
Wayne ,Ohio,79.79
Williams ,Ohio,34.22
Wood ,Ohio,80.43
Wyandot ,Ohio,21.27
Adair ,Oklahoma,14.85
Alfalfa ,Oklahoma,2.56
Atoka ,Oklahoma,5.42
Beaver ,Oklahoma,1.18
Beckham ,Oklahoma,10.10
Blaine ,Oklahoma,4.00
Bryan ,Oklahoma,18.10
Caddo ,Oklahoma,8.86
Canadian ,Oklahoma,53.77
Carter ,Oklahoma,22.46
Cherokee ,Oklahoma,23.88
Choctaw ,Oklahoma,7.27
Cimarron ,Oklahoma,0.49
Cleveland ,Oklahoma,186.34
Coal ,Oklahoma,4.34
Comanche ,Oklahoma,44.51
Cotton ,Oklahoma,3.70
Craig ,Oklahoma,7.43
Creek ,Oklahoma,28.06
Custer ,Oklahoma,11.32
Delaware ,Oklahoma,20.16
Dewey ,Oklahoma,1.85
Ellis ,Oklahoma,1.31
Garfield ,Oklahoma,22.68
Garvin ,Oklahoma,12.97
Grady ,Oklahoma,18.76
Grant ,Oklahoma,1.74
Greer ,Oklahoma,3.70
Harmon ,Oklahoma,2.06
Harper ,Oklahoma,1.41
Haskell ,Oklahoma,8.06
Hughes ,Oklahoma,6.55
Jackson ,Oklahoma,12.52
Jefferson ,Oklahoma,3.21
Johnston ,Oklahoma,6.45
Kay ,Oklahoma,18.65
Kingfisher ,Oklahoma,6.51
Kiowa ,Oklahoma,3.50
Latimer ,Oklahoma,5.71
Le Flore ,Oklahoma,11.95
Lincoln ,Oklahoma,13.73
Logan ,Oklahoma,22.90
Love ,Oklahoma,7.07
McClain ,Oklahoma,24.29
McCurtain ,Oklahoma,6.71
McIntosh ,Oklahoma,11.11
Major ,Oklahoma,3.10
Marshall ,Oklahoma,14.46
Mayes ,Oklahoma,23.05
Murray ,Oklahoma,12.45
Muskogee ,Oklahoma,32.32
Noble ,Oklahoma,5.95
Nowata ,Oklahoma,7.02
Okfuskee ,Oklahoma,7.60
Oklahoma ,Oklahoma,405.92
Okmulgee ,Oklahoma,21.68
Osage ,Oklahoma,8.04
Ottawa ,Oklahoma,25.69
Pawnee ,Oklahoma,10.72
Payne ,Oklahoma,43.80
Pittsburg ,Oklahoma,12.53
Pontotoc ,Oklahoma,20.23
Pottawatomie ,Oklahoma,34.63
Pushmataha ,Oklahoma,3.05
Roger Mills ,Oklahoma,1.26
Rogers ,Oklahoma,48.32
Seminole ,Oklahoma,15.33
Sequoyah ,Oklahoma,22.28
Stephens ,Oklahoma,19.46
Texas ,Oklahoma,4.16
Tillman ,Oklahoma,3.39
Tulsa ,Oklahoma,409.38
Wagoner ,Oklahoma,49.48
Washington ,Oklahoma,46.94
Washita ,Oklahoma,4.47
Woods ,Oklahoma,2.71
Woodward ,Oklahoma,6.58
Baker ,Oregon,2.00
Benton ,Oregon,49.27
Clackamas ,Oregon,79.63
Clatsop ,Oregon,13.26
Columbia ,Oregon,27.68
Coos ,Oregon,13.31
Crook ,Oregon,2.69
Curry ,Oregon,4.34
Deschutes ,Oregon,20.98
Douglas ,Oregon,8.04
Gilliam ,Oregon,0.61
Grant ,Oregon,0.62
Harney ,Oregon,0.27
Hood River ,Oregon,16.42
Jackson ,Oregon,28.74
Jefferson ,Oregon,4.56
Josephine ,Oregon,19.59
Klamath ,Oregon,4.15
Lake ,Oregon,0.36
Lane ,Oregon,29.13
Lincoln ,Oregon,14.99
Linn ,Oregon,19.86
Malheur ,Oregon,1.19
Marion ,Oregon,104.78
Morrow ,Oregon,2.14
Multnomah ,Oregon,635.32
Polk ,Oregon,39.86
Sherman ,Oregon,0.80
Tillamook ,Oregon,7.33
Umatilla ,Oregon,9.17
Union ,Oregon,4.86
Wallowa ,Oregon,0.83
Wasco ,Oregon,4.11
Washington ,Oregon,294.99
Wheeler ,Oregon,0.31
Yamhill ,Oregon,54.14
Adams ,Pennsylvania,75.14
Allegheny ,Pennsylvania,638.66
Armstrong ,Pennsylvania,39.61
Beaver ,Pennsylvania,147.92
Bedford ,Pennsylvania,18.63
Berks ,Pennsylvania,184.42
Blair ,Pennsylvania,92.53
Bradford ,Pennsylvania,20.72
Bucks ,Pennsylvania,389.27
Butler ,Pennsylvania,90.11
Cambria ,Pennsylvania,78.21
Cameron ,Pennsylvania,4.73
Carbon ,Pennsylvania,64.57
Centre ,Pennsylvania,53.91
Chester ,Pennsylvania,259.09
Clarion ,Pennsylvania,24.79
Clearfield ,Pennsylvania,27.16
Clinton ,Pennsylvania,17.20
Columbia ,Pennsylvania,52.62
Crawford ,Pennsylvania,32.52
Cumberland ,Pennsylvania,169.24
Dauphin ,Pennsylvania,187.41
Delaware ,Pennsylvania,1138.40
Elk ,Pennsylvania,14.60
Erie ,Pennsylvania,69.45
Fayette ,Pennsylvania,65.29
Forest ,Pennsylvania,6.84
Franklin ,Pennsylvania,75.98
Fulton ,Pennsylvania,12.93
Greene ,Pennsylvania,25.28
Huntingdon ,Pennsylvania,19.84
Indiana ,Pennsylvania,40.61
Jefferson ,Pennsylvania,26.43
Juniata ,Pennsylvania,24.30
Lackawanna ,Pennsylvania,177.67
Lancaster ,Pennsylvania,207.85
Lawrence ,Pennsylvania,95.09
Lebanon ,Pennsylvania,144.31
Lehigh ,Pennsylvania,393.70
Luzerne ,Pennsylvania,136.38
Lycoming ,Pennsylvania,36.24
McKean ,Pennsylvania,16.86
Mercer ,Pennsylvania,65.16
Mifflin ,Pennsylvania,43.40
Monroe ,Pennsylvania,104.55
Montgomery ,Pennsylvania,643.81
Montour ,Pennsylvania,54.10
Northampton ,Pennsylvania,306.70
Northumberland ,Pennsylvania,76.07
Perry ,Pennsylvania,31.67
Philadelphia ,Pennsylvania,4202.09
Pike ,Pennsylvania,38.55
Potter ,Pennsylvania,6.25
Schuylkill ,Pennsylvania,72.46
Snyder ,Pennsylvania,46.43
Somerset ,Pennsylvania,27.33
Sullivan ,Pennsylvania,5.42
Susquehanna ,Pennsylvania,19.62
Tioga ,Pennsylvania,14.42
Union ,Pennsylvania,54.51
Venango ,Pennsylvania,30.48
Warren ,Pennsylvania,17.57
Washington ,Pennsylvania,93.38
Wayne ,Pennsylvania,26.52
Westmoreland ,Pennsylvania,135.07
Wyoming ,Pennsylvania,26.69
York ,Pennsylvania,186.10
Bristol ,Rhode Island,424.67
Kent ,Rhode Island,338.72
Newport ,Rhode Island,101.45
Providence ,Rhode Island,557.09
Washington ,Rhode Island,86.62
Abbeville ,South Carolina,18.90
Aiken ,South Carolina,58.66
Allendale ,South Carolina,9.21
Anderson ,South Carolina,97.18
Bamberg ,South Carolina,15.06
Barnwell ,South Carolina,15.33
Beaufort ,South Carolina,71.85
Berkeley ,South Carolina,60.94
Calhoun ,South Carolina,14.81
Charleston ,South Carolina,105.99
Cherokee ,South Carolina,54.33
Chester ,South Carolina,21.46
Chesterfield ,South Carolina,22.14
Clarendon ,South Carolina,19.07
Colleton ,South Carolina,12.87
Darlington ,South Carolina,46.28
Dillon ,South Carolina,29.66
Dorchester ,South Carolina,97.49
Edgefield ,South Carolina,20.14
Fairfield ,South Carolina,12.57
Florence ,South Carolina,66.45
Georgetown ,South Carolina,22.55
Greenville ,South Carolina,230.37
Greenwood ,South Carolina,58.15
Hampton ,South Carolina,14.00
Horry ,South Carolina,89.11
Jasper ,South Carolina,14.70
Kershaw ,South Carolina,32.60
Lancaster ,South Carolina,55.96
Laurens ,South Carolina,35.33
Lee ,South Carolina,17.23
Lexington ,South Carolina,139.49
McCormick ,South Carolina,9.75
Marion ,South Carolina,25.06
Marlboro ,South Carolina,22.28
Newberry ,South Carolina,22.38
Oconee ,South Carolina,43.02
Orangeburg ,South Carolina,31.13
Pickens ,South Carolina,90.36
Richland ,South Carolina,199.76
Saluda ,South Carolina,16.80
Spartanburg ,South Carolina,137.13
Sumter ,South Carolina,61.20
Union ,South Carolina,20.97
Williamsburg ,South Carolina,13.63
York ,South Carolina,132.82
Aurora ,South Dakota,1.47
Beadle ,South Dakota,5.52
Bennett ,South Dakota,1.12
Bon Homme ,South Dakota,4.68
Brookings ,South Dakota,15.81
Brown ,South Dakota,8.46
Brule ,South Dakota,2.45
Buffalo ,South Dakota,1.60
Butte ,South Dakota,1.76
Campbell ,South Dakota,0.67
Charles Mix ,South Dakota,3.10
Clark ,South Dakota,1.44
Clay ,South Dakota,12.90
Codington ,South Dakota,15.00
Corson ,South Dakota,0.64
Custer ,South Dakota,2.10
Davison ,South Dakota,17.52
Day ,South Dakota,1.98
Deuel ,South Dakota,2.62
Dewey ,South Dakota,0.88
Douglas ,South Dakota,2.69
Edmunds ,South Dakota,1.36
Fall River ,South Dakota,1.51
Faulk ,South Dakota,0.92
Grant ,South Dakota,4.09
Gregory ,South Dakota,1.55
Haakon ,South Dakota,0.40
Hamlin ,South Dakota,4.28
Hand ,South Dakota,0.91
Hanson ,South Dakota,3.02
Harding ,South Dakota,0.18
Hughes ,South Dakota,8.44
Hutchinson ,South Dakota,3.39
Hyde ,South Dakota,0.62
Jackson ,South Dakota,0.66
Jerauld ,South Dakota,1.50
Jones ,South Dakota,0.40
Kingsbury ,South Dakota,2.26
Lake ,South Dakota,8.09
Lawrence ,South Dakota,12.02
Lincoln ,South Dakota,33.32
Lyman ,South Dakota,0.88
McCook ,South Dakota,3.78
McPherson ,South Dakota,0.82
Marshall ,South Dakota,2.08
Meade ,South Dakota,3.02
Mellette ,South Dakota,0.61
Miner ,South Dakota,1.57
Minnehaha ,South Dakota,85.22
Moody ,South Dakota,4.75
Pennington ,South Dakota,14.67
Perkins ,South Dakota,0.41
Potter ,South Dakota,1.03
Roberts ,South Dakota,3.48
Sanborn ,South Dakota,1.57
Shannon ,South Dakota,2.60
Spink ,South Dakota,1.69
Stanley ,South Dakota,0.76
Sully ,South Dakota,0.52
Todd ,South Dakota,2.77
Tripp ,South Dakota,1.31
Turner ,South Dakota,5.23
Union ,South Dakota,12.26
Walworth ,South Dakota,2.86
Yankton ,South Dakota,16.46
Ziebach ,South Dakota,0.56
Anderson ,Tennessee,84.59
Bedford ,Tennessee,37.33
Benton ,Tennessee,14.42
Bledsoe ,Tennessee,12.19
Blount ,Tennessee,85.25
Bradley ,Tennessee,118.64
Campbell ,Tennessee,31.19
Cannon ,Tennessee,20.02
Carroll ,Tennessee,18.35
Carter ,Tennessee,63.68
Cheatham ,Tennessee,49.66
Chester ,Tennessee,23.39
Claiborne ,Tennessee,27.60
Clay ,Tennessee,11.57
Cocke ,Tennessee,30.91
Coffee ,Tennessee,47.41
Crockett ,Tennessee,21.20
Cumberland ,Tennessee,32.40
Davidson ,Tennessee,483.49
Decatur ,Tennessee,13.05
DeKalb ,Tennessee,22.49
Dickson ,Tennessee,39.50
Dyer ,Tennessee,28.02
Fayette ,Tennessee,21.15
Fentress ,Tennessee,13.86
Franklin ,Tennessee,27.58
Gibson ,Tennessee,31.63
Giles ,Tennessee,18.16
Grainger ,Tennessee,28.98
Greene ,Tennessee,42.23
Grundy ,Tennessee,14.43
Hamblen ,Tennessee,138.53
Hamilton ,Tennessee,233.77
Hancock ,Tennessee,11.54
Hardeman ,Tennessee,15.15
Hardin ,Tennessee,16.86
Hawkins ,Tennessee,43.90
Haywood ,Tennessee,13.18
Henderson ,Tennessee,20.59
Henry ,Tennessee,20.96
Hickman ,Tennessee,15.29
Houston ,Tennessee,15.47
Humphreys ,Tennessee,12.65
Jackson ,Tennessee,13.92
Jefferson ,Tennessee,64.03
Johnson ,Tennessee,22.93
Knox ,Tennessee,326.45
Lake ,Tennessee,15.40
Lauderdale ,Tennessee,21.14
Lawrence ,Tennessee,26.23
Lewis ,Tennessee,16.35
Lincoln ,Tennessee,22.75
Loudon ,Tennessee,78.74
McMinn ,Tennessee,46.76
McNairy ,Tennessee,17.91
Macon ,Tennessee,28.53
Madison ,Tennessee,68.24
Marion ,Tennessee,21.39
Marshall ,Tennessee,31.95
Maury ,Tennessee,52.54
Meigs ,Tennessee,20.75
Monroe ,Tennessee,26.78
Montgomery ,Tennessee,130.72
Moore ,Tennessee,18.65
Morgan ,Tennessee,16.19
Obion ,Tennessee,21.64
Overton ,Tennessee,19.60
Perry ,Tennessee,7.18
Pickett ,Tennessee,11.26
Polk ,Tennessee,14.57
Putnam ,Tennessee,70.52
Rhea ,Tennessee,37.32
Roane ,Tennessee,51.85
Robertson ,Tennessee,54.60
Rutherford ,Tennessee,173.87
Scott ,Tennessee,15.94
Sequatchie ,Tennessee,21.31
Sevier ,Tennessee,60.44
Shelby ,Tennessee,462.06
Smith ,Tennessee,22.63
Stewart ,Tennessee,10.46
Sullivan ,Tennessee,140.70
Sumner ,Tennessee,120.04
Tipton ,Tennessee,50.24
Trousdale ,Tennessee,25.91
Unicoi ,Tennessee,37.44
Union ,Tennessee,29.84
Van Buren ,Tennessee,7.85
Warren ,Tennessee,35.55
Washington ,Tennessee,146.98
Wayne ,Tennessee,8.89
Weakley ,Tennessee,22.86
White ,Tennessee,26.71
Williamson ,Tennessee,131.55
Wilson ,Tennessee,80.73
Anderson ,Texas,20.75
Andrews ,Texas,4.32
Angelina ,Texas,39.04
Aransas ,Texas,17.81
Archer ,Texas,3.62
Armstrong ,Texas,0.82
Atascosa ,Texas,14.89
Austin ,Texas,16.97
Bailey ,Texas,3.32
Bandera ,Texas,9.97
Bastrop ,Texas,32.69
Baylor ,Texas,1.55
Bee ,Texas,14.39
Bell ,Texas,116.00
Bexar ,Texas,558.70
Blanco ,Texas,5.80
Borden ,Texas,0.27
Bosque ,Texas,6.88
Bowie ,Texas,39.11
Brazoria ,Texas,79.27
Brazos ,Texas,132.67
Brewster ,Texas,0.58
Briscoe ,Texas,0.66
Brooks ,Texas,2.96
Brown ,Texas,15.23
Burleson ,Texas,9.79
Burnet ,Texas,16.57
Caldwell ,Texas,27.68
Calhoun ,Texas,8.15
Callahan ,Texas,5.79
Cameron ,Texas,126.22
Camp ,Texas,23.58
Carson ,Texas,2.51
Cass ,Texas,12.19
Castro ,Texas,3.45
Chambers ,Texas,16.31
Cherokee ,Texas,18.49
Childress ,Texas,3.84
Clay ,Texas,3.62
Cochran ,Texas,1.50
Coke ,Texas,1.34
Coleman ,Texas,2.57
Collin ,Texas,372.45
Collingsworth ,Texas,1.30
Colorado ,Texas,8.23
Comal ,Texas,79.57
Comanche ,Texas,5.55
Concho ,Texas,1.57
Cooke ,Texas,16.53
Coryell ,Texas,27.84
Cottle ,Texas,0.62
Crane ,Texas,2.35
Crockett ,Texas,0.52
Crosby ,Texas,2.57
Culberson ,Texas,0.23
Dallam ,Texas,1.81
Dallas ,Texas,1053.98
Dawson ,Texas,5.91
Deaf Smith ,Texas,4.94
Delta ,Texas,7.28
Denton ,Texas,295.27
DeWitt ,Texas,8.69
Dickens ,Texas,0.98
Dimmit ,Texas,3.15
Donley ,Texas,1.46
Duval ,Texas,2.50
Eastland ,Texas,7.56
Ector ,Texas,63.96
Edwards ,Texas,0.34
Ellis ,Texas,63.28
El Paso ,Texas,314.87
Erath ,Texas,14.05
Falls ,Texas,8.73
Fannin ,Texas,14.46
Fayette ,Texas,9.98
Fisher ,Texas,1.65
Floyd ,Texas,2.42
Foard ,Texas,0.70
Fort Bend ,Texas,284.50
Franklin ,Texas,13.96
Freestone ,Texas,8.50
Frio ,Texas,6.15
Gaines ,Texas,4.86
Galveston ,Texas,135.55
Garza ,Texas,2.72
Gillespie ,Texas,9.22
Glasscock ,Texas,0.54
Goliad ,Texas,3.35
Gonzales ,Texas,7.33
Gray ,Texas,9.57
Grayson ,Texas,48.25
Gregg ,Texas,172.25
Grimes ,Texas,12.94
Guadalupe ,Texas,77.34
Hale ,Texas,13.74
Hall ,Texas,1.38
Hamilton ,Texas,3.84
Hansford ,Texas,2.33
Hardeman ,Texas,2.23
Hardin ,Texas,23.84
Harris ,Texas,942.05
Harrison ,Texas,28.20
Hartley ,Texas,1.61
Haskell ,Texas,2.49
Hays ,Texas,99.96
Hemphill ,Texas,1.76
Henderson ,Texas,32.03
Hidalgo ,Texas,199.04
Hill ,Texas,13.64
Hockley ,Texas,10.00
Hood ,Texas,46.76
Hopkins ,Texas,17.32
Houston ,Texas,7.15
Howard ,Texas,15.43
Hudspeth ,Texas,0.28
Hunt ,Texas,38.11
Hutchinson ,Texas,9.41
Irion ,Texas,0.59
Jack ,Texas,3.76
Jackson ,Texas,6.57
Jasper ,Texas,14.19
Jeff Davis ,Texas,0.38
Jefferson ,Texas,87.57
Jim Hogg ,Texas,1.78
Jim Wells ,Texas,18.53
Johnson ,Texas,81.33
Jones ,Texas,8.18
Karnes ,Texas,7.73
Kaufman ,Texas,51.90
Kendall ,Texas,21.99
Kenedy ,Texas,0.08
Kent ,Texas,0.35
Kerr ,Texas,17.42
Kimble ,Texas,1.38
King ,Texas,0.12
Kinney ,Texas,1.01
Kleberg ,Texas,11.37
Knox ,Texas,1.70
Lamar ,Texas,20.45
Lamb ,Texas,5.23
Lampasas ,Texas,10.94
La Salle ,Texas,1.90
Lavaca ,Texas,7.79
Lee ,Texas,10.12
Leon ,Texas,5.98
Liberty ,Texas,25.24
Limestone ,Texas,9.65
Lipscomb ,Texas,1.44
Live Oak ,Texas,4.25
Llano ,Texas,7.77
Loving ,Texas,0.05
Lubbock ,Texas,124.02
Lynn ,Texas,2.47
McCulloch ,Texas,3.00
McLennan ,Texas,87.94
McMullen ,Texas,0.26
Madison ,Texas,11.26
Marion ,Texas,9.40
Martin ,Texas,2.24
Mason ,Texas,1.71
Matagorda ,Texas,8.76
Maverick ,Texas,16.72
Medina ,Texas,13.71
Menard ,Texas,0.92
Midland ,Texas,64.83
Milam ,Texas,9.13
Mills ,Texas,2.53
Mitchell ,Texas,3.96
Montague ,Texas,8.03
Montgomery ,Texas,178.96
Moore ,Texas,9.40
Morris ,Texas,19.15
Motley ,Texas,0.47
Nacogdoches ,Texas,25.71
Navarro ,Texas,17.08
Newton ,Texas,5.81
Nolan ,Texas,6.35
Nueces ,Texas,116.63
Ochiltree ,Texas,4.54
Oldham ,Texas,0.54
Orange ,Texas,84.39
Palo Pinto ,Texas,10.93
Panola ,Texas,11.22
Parker ,Texas,51.51
Parmer ,Texas,4.35
Pecos ,Texas,1.27
Polk ,Texas,15.93
Potter ,Texas,50.95
Presidio ,Texas,0.72
Rains ,Texas,16.51
Randall ,Texas,52.94
Reagan ,Texas,1.18
Real ,Texas,1.85
Red River ,Texas,4.56
Reeves ,Texas,2.04
Refugio ,Texas,3.45
Roberts ,Texas,0.35
Robertson ,Texas,7.36
Rockwall ,Texas,221.31
Runnels ,Texas,3.77
Rusk ,Texas,22.06
Sabine ,Texas,6.94
San Augustine ,Texas,5.72
San Jacinto ,Texas,16.51
San Patricio ,Texas,36.07
San Saba ,Texas,2.04
Schleicher ,Texas,0.94
Scurry ,Texas,7.36
Shackelford ,Texas,1.42
Shelby ,Texas,11.93
Sherman ,Texas,1.29
Smith ,Texas,87.85
Somervell ,Texas,17.42
Starr ,Texas,19.46
Stephens ,Texas,3.87
Sterling ,Texas,0.51
Stonewall ,Texas,0.60
Sutton ,Texas,1.06
Swisher ,Texas,3.33
Tarrant ,Texas,817.96
Taylor ,Texas,56.33
Terrell ,Texas,0.15
Terry ,Texas,5.52
Throckmorton ,Texas,0.67
Titus ,Texas,29.55
Tom Green ,Texas,28.81
Travis ,Texas,423.07
Trinity ,Texas,7.78
Tyler ,Texas,8.86
Upshur ,Texas,25.99
Upton ,Texas,1.05
Uvalde ,Texas,6.67
Val Verde ,Texas,5.81
Van Zandt ,Texas,23.57
Victoria ,Texas,39.11
Walker ,Texas,33.15
Waller ,Texas,33.71
Ward ,Texas,5.19
Washington ,Texas,21.21
Webb ,Texas,30.02
Wharton ,Texas,14.54
Wheeler ,Texas,2.43
Wichita ,Texas,80.53
Wilbarger ,Texas,5.18
Willacy ,Texas,10.79
Williamson ,Texas,160.31
Wilson ,Texas,21.69
Winkler ,Texas,3.49
Wise ,Texas,25.50
Wood ,Texas,23.48
Yoakum ,Texas,3.95
Young ,Texas,7.61
Zapata ,Texas,5.25
Zavala ,Texas,3.61
Beaver ,Utah,0.96
Box Elder ,Utah,2.91
Cache ,Utah,38.48
Carbon ,Utah,5.46
Daggett ,Utah,0.60
Davis ,Utah,196.17
Duchesne ,Utah,2.41
Emery ,Utah,0.93
Garfield ,Utah,0.38
Grand ,Utah,0.98
Iron ,Utah,5.47
Juab ,Utah,1.17
Kane ,Utah,0.68
Millard ,Utah,0.72
Morgan ,Utah,6.43
Piute ,Utah,0.76
Rich ,Utah,0.81
Salt Lake ,Utah,516.35
San Juan ,Utah,0.73
Sanpete ,Utah,6.80
Sevier ,Utah,4.20
Summit ,Utah,7.90
Tooele ,Utah,3.22
Uintah ,Utah,3.05
Utah ,Utah,99.38
Wasatch ,Utah,8.46
Washington ,Utah,23.48
Wayne ,Utah,0.43
Weber ,Utah,139.66
Addison ,Vermont,17.59
Bennington ,Vermont,20.89
Caledonia ,Vermont,18.30
Chittenden ,Vermont,99.45
Essex ,Vermont,3.55
Franklin ,Vermont,26.95
Grand Isle ,Vermont,13.86
Lamoille ,Vermont,20.87
Orange ,Vermont,16.13
Orleans ,Vermont,14.55
Rutland ,Vermont,24.77
Washington ,Vermont,32.93
Windham ,Vermont,21.22
Windsor ,Vermont,22.16
Accomack ,Virginia,9.77
Albemarle ,Virginia,54.77
Alleghany ,Virginia,13.90
Amelia ,Virginia,13.73
Amherst ,Virginia,25.95
Appomattox ,Virginia,17.60
Arlington ,Virginia,3330.90
Augusta ,Virginia,29.39
Bath ,Virginia,3.33
Bedford ,Virginia,35.05
Bland ,Virginia,7.25
Botetourt ,Virginia,23.34
Brunswick ,Virginia,11.51
Buchanan ,Virginia,18.08
Buckingham ,Virginia,11.34
Campbell ,Virginia,42.04
Caroline ,Virginia,21.07
Carroll ,Virginia,24.16
Charles City ,Virginia,13.48
Charlotte ,Virginia,9.95
Chesterfield ,Virginia,289.61
Clarke ,Virginia,31.06
Craig ,Virginia,6.08
Culpeper ,Virginia,48.96
Cumberland ,Virginia,12.68
Dickenson ,Virginia,17.92
Dinwiddie ,Virginia,21.24
Essex ,Virginia,15.16
Fairfax ,Virginia,1074.84
Fauquier ,Virginia,39.85
Floyd ,Virginia,15.72
Fluvanna ,Virginia,34.57
Franklin ,Virginia,30.57
Frederick ,Virginia,75.56
Giles ,Virginia,18.13
Gloucester ,Virginia,49.38
Goochland ,Virginia,28.80
Grayson ,Virginia,13.13
Greene ,Virginia,46.27
Greensville ,Virginia,15.46
Halifax ,Virginia,16.48
Hanover ,Virginia,82.57
Henrico ,Virginia,502.29
Henry ,Virginia,52.85
Highland ,Virginia,2.06
Isle of Wight ,Virginia,37.94
James City ,Virginia,151.90
King and Queen ,Virginia,8.44
King George ,Virginia,51.26
King William ,Virginia,21.76
Lancaster ,Virginia,18.60
Lee ,Virginia,22.23
Loudoun ,Virginia,259.07
Louisa ,Virginia,25.65
Lunenburg ,Virginia,11.19
Madison ,Virginia,15.83
Mathews ,Virginia,13.63
Mecklenburg ,Virginia,17.86
Middlesex ,Virginia,19.72
Montgomery ,Virginia,95.43
Nelson ,Virginia,12.04
New Kent ,Virginia,33.70
Northampton ,Virginia,5.89
Northumberland ,Virginia,16.49
Nottoway ,Virginia,19.27
Orange ,Virginia,39.02
Page ,Virginia,29.28
Patrick ,Virginia,14.60
Pittsylvania ,Virginia,24.64
Powhatan ,Virginia,41.59
Prince Edward ,Virginia,24.88
Prince George ,Virginia,51.03
Prince William ,Virginia,485.94
Pulaski ,Virginia,40.42
Rappahannock ,Virginia,10.81
Richmond ,Virginia,15.98
Roanoke ,Virginia,143.72
Rockbridge ,Virginia,14.33
Rockingham ,Virginia,35.17
Russell ,Virginia,22.89
Scott ,Virginia,16.23
Shenandoah ,Virginia,32.18
Smyth ,Virginia,27.02
Southampton ,Virginia,11.62
Spotsylvania ,Virginia,118.69
Stafford ,Virginia,188.67
Surry ,Virginia,8.42
Sussex ,Virginia,9.25
Tazewell ,Virginia,32.75
Warren ,Virginia,68.94
Washington ,Virginia,37.46
Westmoreland ,Virginia,26.88
Wise ,Virginia,38.67
Wythe ,Virginia,24.38
York ,Virginia,119.03
Alexandria city,Virginia,3716.06
Bedford city,Virginia,332.83
Bristol city,Virginia,509.16
Buena Vista city,Virginia,379.85
Charlottesville city,Virginia,1668.93
Chesapeake city,Virginia,253.73
Colonial Heights city,Virginia,871.77
Covington city,Virginia,396.18
Danville city,Virginia,376.94
Emporia city,Virginia,309.55
Fairfax city,Virginia,1473.89
Falls Church city,Virginia,2607.73
Franklin city,Virginia,399.42
Fredericksburg city,Virginia,1033.47
Galax city,Virginia,328.05
Hampton city,Virginia,387.23
Harrisonburg city,Virginia,1135.22
Hopewell city,Virginia,792.33
Lexington city,Virginia,1098.55
Lynchburg city,Virginia,606.67
Manassas city,Virginia,1619.96
Manassas Park city,Virginia,2464.49
Martinsville city,Virginia,482.36
Newport News city,Virginia,588.20
Norfolk city,Virginia,986.35
Norton city,Virginia,206.25
Petersburg city,Virginia,541.98
Poquoson city,Virginia,59.59
Portsmouth city,Virginia,794.88
Radford city,Virginia,649.83
Richmond city,Virginia,1323.56
Roanoke city,Virginia,886.19
Salem city,Virginia,671.80
Staunton city,Virginia,469.14
Suffolk city,Virginia,77.14
Virginia Beach city,Virginia,348.17
Waynesboro city,Virginia,540.11
Williamsburg city,Virginia,639.55
Winchester city,Virginia,1136.02
Adams ,Washington,3.81
Asotin ,Washington,13.33
Benton ,Washington,40.47
Chelan ,Washington,9.54
Clallam ,Washington,10.45
Clark ,Washington,261.13
Columbia ,Washington,1.78
Cowlitz ,Washington,33.72
Douglas ,Washington,8.24
Ferry ,Washington,1.31
Franklin ,Washington,26.43
Garfield ,Washington,1.21
Grant ,Washington,12.71
Grays Harbor ,Washington,12.34
Island ,Washington,58.81
Jefferson ,Washington,5.32
King ,Washington,342.18
Kitsap ,Washington,173.27
Kittitas ,Washington,6.91
Klickitat ,Washington,4.23
Lewis ,Washington,11.90
Lincoln ,Washington,1.70
Mason ,Washington,22.22
Okanogan ,Washington,2.99
Pacific ,Washington,6.47
Pend Oreille ,Washington,3.49
Pierce ,Washington,175.21
San Juan ,Washington,9.87
Skagit ,Washington,23.90
Skamania ,Washington,2.59
Snohomish ,Washington,131.13
Spokane ,Washington,103.95
Stevens ,Washington,6.60
Thurston ,Washington,130.97
Wahkiakum ,Washington,5.43
Walla Walla ,Washington,17.69
Whatcom ,Washington,31.83
Whitman ,Washington,8.26
Yakima ,Washington,22.12
Barbour ,West Virginia,18.89
Berkeley ,West Virginia,130.52
Boone ,West Virginia,18.59
Braxton ,West Virginia,10.85
Brooke ,West Virginia,99.01
Cabell ,West Virginia,130.21
Calhoun ,West Virginia,10.40
Clay ,West Virginia,10.38
Doddridge ,West Virginia,10.05
Fayette ,West Virginia,26.34
Gilmer ,West Virginia,9.85
Grant ,West Virginia,9.45
Greenbrier ,West Virginia,13.43
Hampshire ,West Virginia,14.04
Hancock ,West Virginia,132.95
Hardy ,West Virginia,9.20
Harrison ,West Virginia,63.94
Jackson ,West Virginia,23.89
Jefferson ,West Virginia,100.46
Kanawha ,West Virginia,81.07
Lewis ,West Virginia,16.30
Lincoln ,West Virginia,18.98
Logan ,West Virginia,30.50
McDowell ,West Virginia,15.07
Marion ,West Virginia,70.48
Marshall ,West Virginia,40.15
Mason ,West Virginia,23.55
Mercer ,West Virginia,56.88
Mineral ,West Virginia,32.49
Mingo ,West Virginia,23.59
Monongalia ,West Virginia,107.93
Monroe ,West Virginia,10.99
Morgan ,West Virginia,29.42
Nicholas ,West Virginia,15.32
Ohio ,West Virginia,154.86
Pendleton ,West Virginia,4.13
Pleasants ,West Virginia,21.74
Pocahontas ,West Virginia,3.55
Preston ,West Virginia,20.07
Putnam ,West Virginia,62.42
Raleigh ,West Virginia,49.95
Randolph ,West Virginia,10.92
Ritchie ,West Virginia,8.57
Roane ,West Virginia,11.70
Summers ,West Virginia,14.24
Taylor ,West Virginia,37.30
Tucker ,West Virginia,6.39
Tyler ,West Virginia,13.32
Upshur ,West Virginia,26.84
Wayne ,West Virginia,31.24
Webster ,West Virginia,6.17
Wetzel ,West Virginia,17.31
Wirt ,West Virginia,9.70
Wood ,West Virginia,88.71
Wyoming ,West Virginia,17.71
Adams ,Wisconsin,11.48
Ashland ,Wisconsin,2.70
Barron ,Wisconsin,19.82
Bayfield ,Wisconsin,2.87
Brown ,Wisconsin,159.65
Buffalo ,Wisconsin,7.27
Burnett ,Wisconsin,6.73
Calumet ,Wisconsin,48.25
Chippewa ,Wisconsin,23.41
Clark ,Wisconsin,10.97
Columbia ,Wisconsin,27.48
Crawford ,Wisconsin,10.57
Dane ,Wisconsin,159.01
Dodge ,Wisconsin,37.61
Door ,Wisconsin,4.54
Douglas ,Wisconsin,11.45
Dunn ,Wisconsin,19.72
Eau Claire ,Wisconsin,60.70
Florence ,Wisconsin,3.51
Fond du Lac ,Wisconsin,51.32
Forest ,Wisconsin,3.37
Grant ,Wisconsin,16.66
Green ,Wisconsin,24.50
Green Lake ,Wisconsin,19.25
Iowa ,Wisconsin,11.94
Iron ,Wisconsin,2.47
Jackson ,Wisconsin,7.97
Jefferson ,Wisconsin,55.99
Juneau ,Wisconsin,12.75
Kenosha ,Wisconsin,85.90
Kewaunee ,Wisconsin,7.30
La Crosse ,Wisconsin,93.90
Lafayette ,Wisconsin,10.20
Langlade ,Wisconsin,8.51
Lincoln ,Wisconsin,12.21
Manitowoc ,Wisconsin,20.84
Marathon ,Wisconsin,33.17
Marinette ,Wisconsin,10.36
Marquette ,Wisconsin,12.62
Menominee ,Wisconsin,4.57
Milwaukee ,Wisconsin,310.31
Monroe ,Wisconsin,19.26
Oconto ,Wisconsin,12.54
Oneida ,Wisconsin,11.15
Outagamie ,Wisconsin,108.02
Ozaukee ,Wisconsin,30.11
Pepin ,Wisconsin,11.43
Pierce ,Wisconsin,26.73
Polk ,Wisconsin,17.55
Portage ,Wisconsin,33.03
Price ,Wisconsin,4.17
Racine ,Wisconsin,95.07
Richland ,Wisconsin,11.61
Rock ,Wisconsin,85.47
Rusk ,Wisconsin,5.97
St. Croix ,Wisconsin,45.10
Sauk ,Wisconsin,28.74
Sawyer ,Wisconsin,4.72
Shawano ,Wisconsin,17.68
Sheboygan ,Wisconsin,34.90
Taylor ,Wisconsin,8.08
Trempealeau ,Wisconsin,15.39
Vernon ,Wisconsin,14.34
Vilas ,Wisconsin,8.11
Walworth ,Wisconsin,68.94
Washburn ,Wisconsin,7.10
Washington ,Wisconsin,117.62
Waukesha ,Wisconsin,261.91
Waupaca ,Wisconsin,26.38
Waushara ,Wisconsin,14.74
Winnebago ,Wisconsin,113.14
Wood ,Wisconsin,35.28
Albany ,Wyoming,3.35
Big Horn ,Wyoming,1.47
Campbell ,Wyoming,3.87
Carbon ,Wyoming,0.76
Converse ,Wyoming,1.30
Crook ,Wyoming,0.97
Fremont ,Wyoming,1.71
Goshen ,Wyoming,2.35
Hot Springs ,Wyoming,0.93
Johnson ,Wyoming,0.80
Laramie ,Wyoming,13.76
Lincoln ,Wyoming,1.73
Natrona ,Wyoming,5.82
Niobrara ,Wyoming,0.37
Park ,Wyoming,1.62
Platte ,Wyoming,1.60
Sheridan ,Wyoming,4.56
Sublette ,Wyoming,0.79
Sweetwater ,Wyoming,1.66
Teton ,Wyoming,2.04
Uinta ,Wyoming,3.90
Washakie ,Wyoming,1.46
Weston ,Wyoming,1.15
